year,territory,sex,nationality,age_group,age_min,age_max,population
2021,comunidad de madrid,hombres,espanola,De 0-4 años,,,125893
2021,comunidad de madrid,hombres,espanola,De 10-14 años,,,166609
2021,comunidad de madrid,hombres,espanola,De 100 y más años,,,284
2021,comunidad de madrid,hombres,espanola,De 15-19 años,,,156460
2021,comunidad de madrid,hombres,espanola,De 20-24 años,,,141029
2021,comunidad de madrid,hombres,espanola,De 25-29 años,,,145403
2021,comunidad de madrid,hombres,espanola,De 30-34 años,,,156333
2021,comunidad de madrid,hombres,espanola,De 35-39 años,,,185100
2021,comunidad de madrid,hombres,espanola,De 40-44 años,,,230991
2021,comunidad de madrid,hombres,espanola,De 45-49 años,,,244184
2021,comunidad de madrid,hombres,espanola,De 5-9 años,,,151555
2021,comunidad de madrid,hombres,espanola,De 50-54 años,,,221725
2021,comunidad de madrid,hombres,espanola,De 55-59 años,,,200939
2021,comunidad de madrid,hombres,espanola,De 60-64 años,,,169840
2021,comunidad de madrid,hombres,espanola,De 65-69 años,,,137576
2021,comunidad de madrid,hombres,espanola,De 70-74 años,,,124768
2021,comunidad de madrid,hombres,espanola,De 75-79 años,,,97341
2021,comunidad de madrid,hombres,espanola,De 80-84 años,,,64396
2021,comunidad de madrid,hombres,espanola,De 85-89 años,,,42830
2021,comunidad de madrid,hombres,espanola,De 90-94 años,,,16475
2021,comunidad de madrid,hombres,espanola,De 95-99 años,,,3433
2021,comunidad de madrid,hombres,espanola,Total,,,2783164
2021,comunidad de madrid,hombres,extranjera,De 0-4 años,,,23358
2021,comunidad de madrid,hombres,extranjera,De 10-14 años,,,19396
2021,comunidad de madrid,hombres,extranjera,De 100 y más años,,,8
2021,comunidad de madrid,hombres,extranjera,De 15-19 años,,,19167
2021,comunidad de madrid,hombres,extranjera,De 20-24 años,,,31676
2021,comunidad de madrid,hombres,extranjera,De 25-29 años,,,45011
2021,comunidad de madrid,hombres,extranjera,De 30-34 años,,,51192
2021,comunidad de madrid,hombres,extranjera,De 35-39 años,,,53508
2021,comunidad de madrid,hombres,extranjera,De 40-44 años,,,52308
2021,comunidad de madrid,hombres,extranjera,De 45-49 años,,,41470
2021,comunidad de madrid,hombres,extranjera,De 5-9 años,,,22511
2021,comunidad de madrid,hombres,extranjera,De 50-54 años,,,30748
2021,comunidad de madrid,hombres,extranjera,De 55-59 años,,,19572
2021,comunidad de madrid,hombres,extranjera,De 60-64 años,,,12909
2021,comunidad de madrid,hombres,extranjera,De 65-69 años,,,7243
2021,comunidad de madrid,hombres,extranjera,De 70-74 años,,,4019
2021,comunidad de madrid,hombres,extranjera,De 75-79 años,,,2076
2021,comunidad de madrid,hombres,extranjera,De 80-84 años,,,1272
2021,comunidad de madrid,hombres,extranjera,De 85-89 años,,,563
2021,comunidad de madrid,hombres,extranjera,De 90-94 años,,,200
2021,comunidad de madrid,hombres,extranjera,De 95-99 años,,,30
2021,comunidad de madrid,hombres,extranjera,Total,,,438237
2021,comunidad de madrid,hombres,total,De 0-4 años,,,149251
2021,comunidad de madrid,hombres,total,De 10-14 años,,,186005
2021,comunidad de madrid,hombres,total,De 100 y más años,,,292
2021,comunidad de madrid,hombres,total,De 15-19 años,,,175627
2021,comunidad de madrid,hombres,total,De 20-24 años,,,172705
2021,comunidad de madrid,hombres,total,De 25-29 años,,,190414
2021,comunidad de madrid,hombres,total,De 30-34 años,,,207525
2021,comunidad de madrid,hombres,total,De 35-39 años,,,238608
2021,comunidad de madrid,hombres,total,De 40-44 años,,,283299
2021,comunidad de madrid,hombres,total,De 45-49 años,,,285654
2021,comunidad de madrid,hombres,total,De 5-9 años,,,174066
2021,comunidad de madrid,hombres,total,De 50-54 años,,,252473
2021,comunidad de madrid,hombres,total,De 55-59 años,,,220511
2021,comunidad de madrid,hombres,total,De 60-64 años,,,182749
2021,comunidad de madrid,hombres,total,De 65-69 años,,,144819
2021,comunidad de madrid,hombres,total,De 70-74 años,,,128787
2021,comunidad de madrid,hombres,total,De 75-79 años,,,99417
2021,comunidad de madrid,hombres,total,De 80-84 años,,,65668
2021,comunidad de madrid,hombres,total,De 85-89 años,,,43393
2021,comunidad de madrid,hombres,total,De 90-94 años,,,16675
2021,comunidad de madrid,hombres,total,De 95-99 años,,,3463
2021,comunidad de madrid,hombres,total,Total,,,3221401
2021,comunidad de madrid,mujeres,espanola,De 0-4 años,,,119607
2021,comunidad de madrid,mujeres,espanola,De 10-14 años,,,157435
2021,comunidad de madrid,mujeres,espanola,De 100 y más años,,,1563
2021,comunidad de madrid,mujeres,espanola,De 15-19 años,,,149580
2021,comunidad de madrid,mujeres,espanola,De 20-24 años,,,134922
2021,comunidad de madrid,mujeres,espanola,De 25-29 años,,,142452
2021,comunidad de madrid,mujeres,espanola,De 30-34 años,,,155271
2021,comunidad de madrid,mujeres,espanola,De 35-39 años,,,188728
2021,comunidad de madrid,mujeres,espanola,De 40-44 años,,,239604
2021,comunidad de madrid,mujeres,espanola,De 45-49 años,,,253566
2021,comunidad de madrid,mujeres,espanola,De 5-9 años,,,143722
2021,comunidad de madrid,mujeres,espanola,De 50-54 años,,,235117
2021,comunidad de madrid,mujeres,espanola,De 55-59 años,,,220746
2021,comunidad de madrid,mujeres,espanola,De 60-64 años,,,195095
2021,comunidad de madrid,mujeres,espanola,De 65-69 años,,,166647
2021,comunidad de madrid,mujeres,espanola,De 70-74 años,,,156803
2021,comunidad de madrid,mujeres,espanola,De 75-79 años,,,129035
2021,comunidad de madrid,mujeres,espanola,De 80-84 años,,,99087
2021,comunidad de madrid,mujeres,espanola,De 85-89 años,,,79028
2021,comunidad de madrid,mujeres,espanola,De 90-94 años,,,40718
2021,comunidad de madrid,mujeres,espanola,De 95-99 años,,,11637
2021,comunidad de madrid,mujeres,espanola,Total,,,3020363
2021,comunidad de madrid,mujeres,extranjera,De 0-4 años,,,21859
2021,comunidad de madrid,mujeres,extranjera,De 10-14 años,,,18602
2021,comunidad de madrid,mujeres,extranjera,De 100 y más años,,,22
2021,comunidad de madrid,mujeres,extranjera,De 15-19 años,,,18204
2021,comunidad de madrid,mujeres,extranjera,De 20-24 años,,,35829
2021,comunidad de madrid,mujeres,extranjera,De 25-29 años,,,54620
2021,comunidad de madrid,mujeres,extranjera,De 30-34 años,,,62259
2021,comunidad de madrid,mujeres,extranjera,De 35-39 años,,,61064
2021,comunidad de madrid,mujeres,extranjera,De 40-44 años,,,53315
2021,comunidad de madrid,mujeres,extranjera,De 45-49 años,,,41483
2021,comunidad de madrid,mujeres,extranjera,De 5-9 años,,,21133
2021,comunidad de madrid,mujeres,extranjera,De 50-54 años,,,32986
2021,comunidad de madrid,mujeres,extranjera,De 55-59 años,,,23316
2021,comunidad de madrid,mujeres,extranjera,De 60-64 años,,,16539
2021,comunidad de madrid,mujeres,extranjera,De 65-69 años,,,10536
2021,comunidad de madrid,mujeres,extranjera,De 70-74 años,,,6206
2021,comunidad de madrid,mujeres,extranjera,De 75-79 años,,,3366
2021,comunidad de madrid,mujeres,extranjera,De 80-84 años,,,2027
2021,comunidad de madrid,mujeres,extranjera,De 85-89 años,,,998
2021,comunidad de madrid,mujeres,extranjera,De 90-94 años,,,416
2021,comunidad de madrid,mujeres,extranjera,De 95-99 años,,,96
2021,comunidad de madrid,mujeres,extranjera,Total,,,484876
2021,comunidad de madrid,mujeres,total,De 0-4 años,,,141466
2021,comunidad de madrid,mujeres,total,De 10-14 años,,,176037
2021,comunidad de madrid,mujeres,total,De 100 y más años,,,1585
2021,comunidad de madrid,mujeres,total,De 15-19 años,,,167784
2021,comunidad de madrid,mujeres,total,De 20-24 años,,,170751
2021,comunidad de madrid,mujeres,total,De 25-29 años,,,197072
2021,comunidad de madrid,mujeres,total,De 30-34 años,,,217530
2021,comunidad de madrid,mujeres,total,De 35-39 años,,,249792
2021,comunidad de madrid,mujeres,total,De 40-44 años,,,292919
2021,comunidad de madrid,mujeres,total,De 45-49 años,,,295049
2021,comunidad de madrid,mujeres,total,De 5-9 años,,,164855
2021,comunidad de madrid,mujeres,total,De 50-54 años,,,268103
2021,comunidad de madrid,mujeres,total,De 55-59 años,,,244062
2021,comunidad de madrid,mujeres,total,De 60-64 años,,,211634
2021,comunidad de madrid,mujeres,total,De 65-69 años,,,177183
2021,comunidad de madrid,mujeres,total,De 70-74 años,,,163009
2021,comunidad de madrid,mujeres,total,De 75-79 años,,,132401
2021,comunidad de madrid,mujeres,total,De 80-84 años,,,101114
2021,comunidad de madrid,mujeres,total,De 85-89 años,,,80026
2021,comunidad de madrid,mujeres,total,De 90-94 años,,,41134
2021,comunidad de madrid,mujeres,total,De 95-99 años,,,11733
2021,comunidad de madrid,mujeres,total,Total,,,3505239
2021,comunidad de madrid,total,espanola,De 0-4 años,,,245500
2021,comunidad de madrid,total,espanola,De 10-14 años,,,324044
2021,comunidad de madrid,total,espanola,De 100 y más años,,,1847
2021,comunidad de madrid,total,espanola,De 15-19 años,,,306040
2021,comunidad de madrid,total,espanola,De 20-24 años,,,275951
2021,comunidad de madrid,total,espanola,De 25-29 años,,,287855
2021,comunidad de madrid,total,espanola,De 30-34 años,,,311604
2021,comunidad de madrid,total,espanola,De 35-39 años,,,373828
2021,comunidad de madrid,total,espanola,De 40-44 años,,,470595
2021,comunidad de madrid,total,espanola,De 45-49 años,,,497750
2021,comunidad de madrid,total,espanola,De 5-9 años,,,295277
2021,comunidad de madrid,total,espanola,De 50-54 años,,,456842
2021,comunidad de madrid,total,espanola,De 55-59 años,,,421685
2021,comunidad de madrid,total,espanola,De 60-64 años,,,364935
2021,comunidad de madrid,total,espanola,De 65-69 años,,,304223
2021,comunidad de madrid,total,espanola,De 70-74 años,,,281571
2021,comunidad de madrid,total,espanola,De 75-79 años,,,226376
2021,comunidad de madrid,total,espanola,De 80-84 años,,,163483
2021,comunidad de madrid,total,espanola,De 85-89 años,,,121858
2021,comunidad de madrid,total,espanola,De 90-94 años,,,57193
2021,comunidad de madrid,total,espanola,De 95-99 años,,,15070
2021,comunidad de madrid,total,espanola,Total,,,5803527
2021,comunidad de madrid,total,extranjera,De 0-4 años,,,45217
2021,comunidad de madrid,total,extranjera,De 10-14 años,,,37998
2021,comunidad de madrid,total,extranjera,De 100 y más años,,,30
2021,comunidad de madrid,total,extranjera,De 15-19 años,,,37371
2021,comunidad de madrid,total,extranjera,De 20-24 años,,,67505
2021,comunidad de madrid,total,extranjera,De 25-29 años,,,99631
2021,comunidad de madrid,total,extranjera,De 30-34 años,,,113451
2021,comunidad de madrid,total,extranjera,De 35-39 años,,,114572
2021,comunidad de madrid,total,extranjera,De 40-44 años,,,105623
2021,comunidad de madrid,total,extranjera,De 45-49 años,,,82953
2021,comunidad de madrid,total,extranjera,De 5-9 años,,,43644
2021,comunidad de madrid,total,extranjera,De 50-54 años,,,63734
2021,comunidad de madrid,total,extranjera,De 55-59 años,,,42888
2021,comunidad de madrid,total,extranjera,De 60-64 años,,,29448
2021,comunidad de madrid,total,extranjera,De 65-69 años,,,17779
2021,comunidad de madrid,total,extranjera,De 70-74 años,,,10225
2021,comunidad de madrid,total,extranjera,De 75-79 años,,,5442
2021,comunidad de madrid,total,extranjera,De 80-84 años,,,3299
2021,comunidad de madrid,total,extranjera,De 85-89 años,,,1561
2021,comunidad de madrid,total,extranjera,De 90-94 años,,,616
2021,comunidad de madrid,total,extranjera,De 95-99 años,,,126
2021,comunidad de madrid,total,extranjera,Total,,,923113
2021,comunidad de madrid,total,total,De 0-4 años,,,290717
2021,comunidad de madrid,total,total,De 10-14 años,,,362042
2021,comunidad de madrid,total,total,De 100 y más años,,,1877
2021,comunidad de madrid,total,total,De 15-19 años,,,343411
2021,comunidad de madrid,total,total,De 20-24 años,,,343456
2021,comunidad de madrid,total,total,De 25-29 años,,,387486
2021,comunidad de madrid,total,total,De 30-34 años,,,425055
2021,comunidad de madrid,total,total,De 35-39 años,,,488400
2021,comunidad de madrid,total,total,De 40-44 años,,,576218
2021,comunidad de madrid,total,total,De 45-49 años,,,580703
2021,comunidad de madrid,total,total,De 5-9 años,,,338921
2021,comunidad de madrid,total,total,De 50-54 años,,,520576
2021,comunidad de madrid,total,total,De 55-59 años,,,464573
2021,comunidad de madrid,total,total,De 60-64 años,,,394383
2021,comunidad de madrid,total,total,De 65-69 años,,,322002
2021,comunidad de madrid,total,total,De 70-74 años,,,291796
2021,comunidad de madrid,total,total,De 75-79 años,,,231818
2021,comunidad de madrid,total,total,De 80-84 años,,,166782
2021,comunidad de madrid,total,total,De 85-89 años,,,123419
2021,comunidad de madrid,total,total,De 90-94 años,,,57809
2021,comunidad de madrid,total,total,De 95-99 años,,,15196
2021,comunidad de madrid,total,total,Total,,,6726640
2021,municipios,hombres,espanola,De 0-4 años,,,125893
2021,municipios,hombres,espanola,De 10-14 años,,,166609
2021,municipios,hombres,espanola,De 100 y más años,,,284
2021,municipios,hombres,espanola,De 15-19 años,,,156460
2021,municipios,hombres,espanola,De 20-24 años,,,141029
2021,municipios,hombres,espanola,De 25-29 años,,,145403
2021,municipios,hombres,espanola,De 30-34 años,,,156333
2021,municipios,hombres,espanola,De 35-39 años,,,185100
2021,municipios,hombres,espanola,De 40-44 años,,,230991
2021,municipios,hombres,espanola,De 45-49 años,,,244184
2021,municipios,hombres,espanola,De 5-9 años,,,151555
2021,municipios,hombres,espanola,De 50-54 años,,,221725
2021,municipios,hombres,espanola,De 55-59 años,,,200939
2021,municipios,hombres,espanola,De 60-64 años,,,169840
2021,municipios,hombres,espanola,De 65-69 años,,,137576
2021,municipios,hombres,espanola,De 70-74 años,,,124768
2021,municipios,hombres,espanola,De 75-79 años,,,97341
2021,municipios,hombres,espanola,De 80-84 años,,,64396
2021,municipios,hombres,espanola,De 85-89 años,,,42830
2021,municipios,hombres,espanola,De 90-94 años,,,16475
2021,municipios,hombres,espanola,De 95-99 años,,,3433
2021,municipios,hombres,espanola,Total,,,2783164
2021,municipios,hombres,extranjera,De 0-4 años,,,23358
2021,municipios,hombres,extranjera,De 10-14 años,,,19396
2021,municipios,hombres,extranjera,De 100 y más años,,,8
2021,municipios,hombres,extranjera,De 15-19 años,,,19167
2021,municipios,hombres,extranjera,De 20-24 años,,,31676
2021,municipios,hombres,extranjera,De 25-29 años,,,45011
2021,municipios,hombres,extranjera,De 30-34 años,,,51192
2021,municipios,hombres,extranjera,De 35-39 años,,,53508
2021,municipios,hombres,extranjera,De 40-44 años,,,52308
2021,municipios,hombres,extranjera,De 45-49 años,,,41470
2021,municipios,hombres,extranjera,De 5-9 años,,,22511
2021,municipios,hombres,extranjera,De 50-54 años,,,30748
2021,municipios,hombres,extranjera,De 55-59 años,,,19572
2021,municipios,hombres,extranjera,De 60-64 años,,,12909
2021,municipios,hombres,extranjera,De 65-69 años,,,7243
2021,municipios,hombres,extranjera,De 70-74 años,,,4019
2021,municipios,hombres,extranjera,De 75-79 años,,,2076
2021,municipios,hombres,extranjera,De 80-84 años,,,1272
2021,municipios,hombres,extranjera,De 85-89 años,,,563
2021,municipios,hombres,extranjera,De 90-94 años,,,200
2021,municipios,hombres,extranjera,De 95-99 años,,,30
2021,municipios,hombres,extranjera,Total,,,438237
2021,municipios,hombres,total,De 0-4 años,,,149251
2021,municipios,hombres,total,De 10-14 años,,,186005
2021,municipios,hombres,total,De 100 y más años,,,292
2021,municipios,hombres,total,De 15-19 años,,,175627
2021,municipios,hombres,total,De 20-24 años,,,172705
2021,municipios,hombres,total,De 25-29 años,,,190414
2021,municipios,hombres,total,De 30-34 años,,,207525
2021,municipios,hombres,total,De 35-39 años,,,238608
2021,municipios,hombres,total,De 40-44 años,,,283299
2021,municipios,hombres,total,De 45-49 años,,,285654
2021,municipios,hombres,total,De 5-9 años,,,174066
2021,municipios,hombres,total,De 50-54 años,,,252473
2021,municipios,hombres,total,De 55-59 años,,,220511
2021,municipios,hombres,total,De 60-64 años,,,182749
2021,municipios,hombres,total,De 65-69 años,,,144819
2021,municipios,hombres,total,De 70-74 años,,,128787
2021,municipios,hombres,total,De 75-79 años,,,99417
2021,municipios,hombres,total,De 80-84 años,,,65668
2021,municipios,hombres,total,De 85-89 años,,,43393
2021,municipios,hombres,total,De 90-94 años,,,16675
2021,municipios,hombres,total,De 95-99 años,,,3463
2021,municipios,hombres,total,Total,,,3221401
2021,municipios,mujeres,espanola,De 0-4 años,,,119607
2021,municipios,mujeres,espanola,De 10-14 años,,,157435
2021,municipios,mujeres,espanola,De 100 y más años,,,1563
2021,municipios,mujeres,espanola,De 15-19 años,,,149580
2021,municipios,mujeres,espanola,De 20-24 años,,,134922
2021,municipios,mujeres,espanola,De 25-29 años,,,142452
2021,municipios,mujeres,espanola,De 30-34 años,,,155271
2021,municipios,mujeres,espanola,De 35-39 años,,,188728
2021,municipios,mujeres,espanola,De 40-44 años,,,239604
2021,municipios,mujeres,espanola,De 45-49 años,,,253566
2021,municipios,mujeres,espanola,De 5-9 años,,,143722
2021,municipios,mujeres,espanola,De 50-54 años,,,235117
2021,municipios,mujeres,espanola,De 55-59 años,,,220746
2021,municipios,mujeres,espanola,De 60-64 años,,,195095
2021,municipios,mujeres,espanola,De 65-69 años,,,166647
2021,municipios,mujeres,espanola,De 70-74 años,,,156803
2021,municipios,mujeres,espanola,De 75-79 años,,,129035
2021,municipios,mujeres,espanola,De 80-84 años,,,99087
2021,municipios,mujeres,espanola,De 85-89 años,,,79028
2021,municipios,mujeres,espanola,De 90-94 años,,,40718
2021,municipios,mujeres,espanola,De 95-99 años,,,11637
2021,municipios,mujeres,espanola,Total,,,3020363
2021,municipios,mujeres,extranjera,De 0-4 años,,,21859
2021,municipios,mujeres,extranjera,De 10-14 años,,,18602
2021,municipios,mujeres,extranjera,De 100 y más años,,,22
2021,municipios,mujeres,extranjera,De 15-19 años,,,18204
2021,municipios,mujeres,extranjera,De 20-24 años,,,35829
2021,municipios,mujeres,extranjera,De 25-29 años,,,54620
2021,municipios,mujeres,extranjera,De 30-34 años,,,62259
2021,municipios,mujeres,extranjera,De 35-39 años,,,61064
2021,municipios,mujeres,extranjera,De 40-44 años,,,53315
2021,municipios,mujeres,extranjera,De 45-49 años,,,41483
2021,municipios,mujeres,extranjera,De 5-9 años,,,21133
2021,municipios,mujeres,extranjera,De 50-54 años,,,32986
2021,municipios,mujeres,extranjera,De 55-59 años,,,23316
2021,municipios,mujeres,extranjera,De 60-64 años,,,16539
2021,municipios,mujeres,extranjera,De 65-69 años,,,10536
2021,municipios,mujeres,extranjera,De 70-74 años,,,6206
2021,municipios,mujeres,extranjera,De 75-79 años,,,3366
2021,municipios,mujeres,extranjera,De 80-84 años,,,2027
2021,municipios,mujeres,extranjera,De 85-89 años,,,998
2021,municipios,mujeres,extranjera,De 90-94 años,,,416
2021,municipios,mujeres,extranjera,De 95-99 años,,,96
2021,municipios,mujeres,extranjera,Total,,,484876
2021,municipios,mujeres,total,De 0-4 años,,,141466
2021,municipios,mujeres,total,De 10-14 años,,,176037
2021,municipios,mujeres,total,De 100 y más años,,,1585
2021,municipios,mujeres,total,De 15-19 años,,,167784
2021,municipios,mujeres,total,De 20-24 años,,,170751
2021,municipios,mujeres,total,De 25-29 años,,,197072
2021,municipios,mujeres,total,De 30-34 años,,,217530
2021,municipios,mujeres,total,De 35-39 años,,,249792
2021,municipios,mujeres,total,De 40-44 años,,,292919
2021,municipios,mujeres,total,De 45-49 años,,,295049
2021,municipios,mujeres,total,De 5-9 años,,,164855
2021,municipios,mujeres,total,De 50-54 años,,,268103
2021,municipios,mujeres,total,De 55-59 años,,,244062
2021,municipios,mujeres,total,De 60-64 años,,,211634
2021,municipios,mujeres,total,De 65-69 años,,,177183
2021,municipios,mujeres,total,De 70-74 años,,,163009
2021,municipios,mujeres,total,De 75-79 años,,,132401
2021,municipios,mujeres,total,De 80-84 años,,,101114
2021,municipios,mujeres,total,De 85-89 años,,,80026
2021,municipios,mujeres,total,De 90-94 años,,,41134
2021,municipios,mujeres,total,De 95-99 años,,,11733
2021,municipios,mujeres,total,Total,,,3505239
2021,municipios,total,espanola,De 0-4 años,,,245500
2021,municipios,total,espanola,De 10-14 años,,,324044
2021,municipios,total,espanola,De 100 y más años,,,1847
2021,municipios,total,espanola,De 15-19 años,,,306040
2021,municipios,total,espanola,De 20-24 años,,,275951
2021,municipios,total,espanola,De 25-29 años,,,287855
2021,municipios,total,espanola,De 30-34 años,,,311604
2021,municipios,total,espanola,De 35-39 años,,,373828
2021,municipios,total,espanola,De 40-44 años,,,470595
2021,municipios,total,espanola,De 45-49 años,,,497750
2021,municipios,total,espanola,De 5-9 años,,,295277
2021,municipios,total,espanola,De 50-54 años,,,456842
2021,municipios,total,espanola,De 55-59 años,,,421685
2021,municipios,total,espanola,De 60-64 años,,,364935
2021,municipios,total,espanola,De 65-69 años,,,304223
2021,municipios,total,espanola,De 70-74 años,,,281571
2021,municipios,total,espanola,De 75-79 años,,,226376
2021,municipios,total,espanola,De 80-84 años,,,163483
2021,municipios,total,espanola,De 85-89 años,,,121858
2021,municipios,total,espanola,De 90-94 años,,,57193
2021,municipios,total,espanola,De 95-99 años,,,15070
2021,municipios,total,espanola,Total,,,5803527
2021,municipios,total,extranjera,De 0-4 años,,,45217
2021,municipios,total,extranjera,De 10-14 años,,,37998
2021,municipios,total,extranjera,De 100 y más años,,,30
2021,municipios,total,extranjera,De 15-19 años,,,37371
2021,municipios,total,extranjera,De 20-24 años,,,67505
2021,municipios,total,extranjera,De 25-29 años,,,99631
2021,municipios,total,extranjera,De 30-34 años,,,113451
2021,municipios,total,extranjera,De 35-39 años,,,114572
2021,municipios,total,extranjera,De 40-44 años,,,105623
2021,municipios,total,extranjera,De 45-49 años,,,82953
2021,municipios,total,extranjera,De 5-9 años,,,43644
2021,municipios,total,extranjera,De 50-54 años,,,63734
2021,municipios,total,extranjera,De 55-59 años,,,42888
2021,municipios,total,extranjera,De 60-64 años,,,29448
2021,municipios,total,extranjera,De 65-69 años,,,17779
2021,municipios,total,extranjera,De 70-74 años,,,10225
2021,municipios,total,extranjera,De 75-79 años,,,5442
2021,municipios,total,extranjera,De 80-84 años,,,3299
2021,municipios,total,extranjera,De 85-89 años,,,1561
2021,municipios,total,extranjera,De 90-94 años,,,616
2021,municipios,total,extranjera,De 95-99 años,,,126
2021,municipios,total,extranjera,Total,,,923113
2021,municipios,total,total,De 0-4 años,,,290717
2021,municipios,total,total,De 10-14 años,,,362042
2021,municipios,total,total,De 100 y más años,,,1877
2021,municipios,total,total,De 15-19 años,,,343411
2021,municipios,total,total,De 20-24 años,,,343456
2021,municipios,total,total,De 25-29 años,,,387486
2021,municipios,total,total,De 30-34 años,,,425055
2021,municipios,total,total,De 35-39 años,,,488400
2021,municipios,total,total,De 40-44 años,,,576218
2021,municipios,total,total,De 45-49 años,,,580703
2021,municipios,total,total,De 5-9 años,,,338921
2021,municipios,total,total,De 50-54 años,,,520576
2021,municipios,total,total,De 55-59 años,,,464573
2021,municipios,total,total,De 60-64 años,,,394383
2021,municipios,total,total,De 65-69 años,,,322002
2021,municipios,total,total,De 70-74 años,,,291796
2021,municipios,total,total,De 75-79 años,,,231818
2021,municipios,total,total,De 80-84 años,,,166782
2021,municipios,total,total,De 85-89 años,,,123419
2021,municipios,total,total,De 90-94 años,,,57809
2021,municipios,total,total,De 95-99 años,,,15196
2021,municipios,total,total,Total,,,6726640
2021,zonas estadisticas,hombres,espanola,De 0-4 años,,,125893
2021,zonas estadisticas,hombres,espanola,De 10-14 años,,,166609
2021,zonas estadisticas,hombres,espanola,De 100 y más años,,,284
2021,zonas estadisticas,hombres,espanola,De 15-19 años,,,156460
2021,zonas estadisticas,hombres,espanola,De 20-24 años,,,141029
2021,zonas estadisticas,hombres,espanola,De 25-29 años,,,145403
2021,zonas estadisticas,hombres,espanola,De 30-34 años,,,156333
2021,zonas estadisticas,hombres,espanola,De 35-39 años,,,185100
2021,zonas estadisticas,hombres,espanola,De 40-44 años,,,230991
2021,zonas estadisticas,hombres,espanola,De 45-49 años,,,244184
2021,zonas estadisticas,hombres,espanola,De 5-9 años,,,151555
2021,zonas estadisticas,hombres,espanola,De 50-54 años,,,221725
2021,zonas estadisticas,hombres,espanola,De 55-59 años,,,200939
2021,zonas estadisticas,hombres,espanola,De 60-64 años,,,169840
2021,zonas estadisticas,hombres,espanola,De 65-69 años,,,137576
2021,zonas estadisticas,hombres,espanola,De 70-74 años,,,124768
2021,zonas estadisticas,hombres,espanola,De 75-79 años,,,97341
2021,zonas estadisticas,hombres,espanola,De 80-84 años,,,64396
2021,zonas estadisticas,hombres,espanola,De 85-89 años,,,42830
2021,zonas estadisticas,hombres,espanola,De 90-94 años,,,16475
2021,zonas estadisticas,hombres,espanola,De 95-99 años,,,3433
2021,zonas estadisticas,hombres,espanola,Total,,,2783164
2021,zonas estadisticas,hombres,extranjera,De 0-4 años,,,23358
2021,zonas estadisticas,hombres,extranjera,De 10-14 años,,,19396
2021,zonas estadisticas,hombres,extranjera,De 100 y más años,,,8
2021,zonas estadisticas,hombres,extranjera,De 15-19 años,,,19167
2021,zonas estadisticas,hombres,extranjera,De 20-24 años,,,31676
2021,zonas estadisticas,hombres,extranjera,De 25-29 años,,,45011
2021,zonas estadisticas,hombres,extranjera,De 30-34 años,,,51192
2021,zonas estadisticas,hombres,extranjera,De 35-39 años,,,53508
2021,zonas estadisticas,hombres,extranjera,De 40-44 años,,,52308
2021,zonas estadisticas,hombres,extranjera,De 45-49 años,,,41470
2021,zonas estadisticas,hombres,extranjera,De 5-9 años,,,22511
2021,zonas estadisticas,hombres,extranjera,De 50-54 años,,,30748
2021,zonas estadisticas,hombres,extranjera,De 55-59 años,,,19572
2021,zonas estadisticas,hombres,extranjera,De 60-64 años,,,12909
2021,zonas estadisticas,hombres,extranjera,De 65-69 años,,,7243
2021,zonas estadisticas,hombres,extranjera,De 70-74 años,,,4019
2021,zonas estadisticas,hombres,extranjera,De 75-79 años,,,2076
2021,zonas estadisticas,hombres,extranjera,De 80-84 años,,,1272
2021,zonas estadisticas,hombres,extranjera,De 85-89 años,,,563
2021,zonas estadisticas,hombres,extranjera,De 90-94 años,,,200
2021,zonas estadisticas,hombres,extranjera,De 95-99 años,,,30
2021,zonas estadisticas,hombres,extranjera,Total,,,438237
2021,zonas estadisticas,hombres,total,De 0-4 años,,,149251
2021,zonas estadisticas,hombres,total,De 10-14 años,,,186005
2021,zonas estadisticas,hombres,total,De 100 y más años,,,292
2021,zonas estadisticas,hombres,total,De 15-19 años,,,175627
2021,zonas estadisticas,hombres,total,De 20-24 años,,,172705
2021,zonas estadisticas,hombres,total,De 25-29 años,,,190414
2021,zonas estadisticas,hombres,total,De 30-34 años,,,207525
2021,zonas estadisticas,hombres,total,De 35-39 años,,,238608
2021,zonas estadisticas,hombres,total,De 40-44 años,,,283299
2021,zonas estadisticas,hombres,total,De 45-49 años,,,285654
2021,zonas estadisticas,hombres,total,De 5-9 años,,,174066
2021,zonas estadisticas,hombres,total,De 50-54 años,,,252473
2021,zonas estadisticas,hombres,total,De 55-59 años,,,220511
2021,zonas estadisticas,hombres,total,De 60-64 años,,,182749
2021,zonas estadisticas,hombres,total,De 65-69 años,,,144819
2021,zonas estadisticas,hombres,total,De 70-74 años,,,128787
2021,zonas estadisticas,hombres,total,De 75-79 años,,,99417
2021,zonas estadisticas,hombres,total,De 80-84 años,,,65668
2021,zonas estadisticas,hombres,total,De 85-89 años,,,43393
2021,zonas estadisticas,hombres,total,De 90-94 años,,,16675
2021,zonas estadisticas,hombres,total,De 95-99 años,,,3463
2021,zonas estadisticas,hombres,total,Total,,,3221401
2021,zonas estadisticas,mujeres,espanola,De 0-4 años,,,119607
2021,zonas estadisticas,mujeres,espanola,De 10-14 años,,,157435
2021,zonas estadisticas,mujeres,espanola,De 100 y más años,,,1563
2021,zonas estadisticas,mujeres,espanola,De 15-19 años,,,149580
2021,zonas estadisticas,mujeres,espanola,De 20-24 años,,,134922
2021,zonas estadisticas,mujeres,espanola,De 25-29 años,,,142452
2021,zonas estadisticas,mujeres,espanola,De 30-34 años,,,155271
2021,zonas estadisticas,mujeres,espanola,De 35-39 años,,,188728
2021,zonas estadisticas,mujeres,espanola,De 40-44 años,,,239604
2021,zonas estadisticas,mujeres,espanola,De 45-49 años,,,253566
2021,zonas estadisticas,mujeres,espanola,De 5-9 años,,,143722
2021,zonas estadisticas,mujeres,espanola,De 50-54 años,,,235117
2021,zonas estadisticas,mujeres,espanola,De 55-59 años,,,220746
2021,zonas estadisticas,mujeres,espanola,De 60-64 años,,,195095
2021,zonas estadisticas,mujeres,espanola,De 65-69 años,,,166647
2021,zonas estadisticas,mujeres,espanola,De 70-74 años,,,156803
2021,zonas estadisticas,mujeres,espanola,De 75-79 años,,,129035
2021,zonas estadisticas,mujeres,espanola,De 80-84 años,,,99087
2021,zonas estadisticas,mujeres,espanola,De 85-89 años,,,79028
2021,zonas estadisticas,mujeres,espanola,De 90-94 años,,,40718
2021,zonas estadisticas,mujeres,espanola,De 95-99 años,,,11637
2021,zonas estadisticas,mujeres,espanola,Total,,,3020363
2021,zonas estadisticas,mujeres,extranjera,De 0-4 años,,,21859
2021,zonas estadisticas,mujeres,extranjera,De 10-14 años,,,18602
2021,zonas estadisticas,mujeres,extranjera,De 100 y más años,,,22
2021,zonas estadisticas,mujeres,extranjera,De 15-19 años,,,18204
2021,zonas estadisticas,mujeres,extranjera,De 20-24 años,,,35829
2021,zonas estadisticas,mujeres,extranjera,De 25-29 años,,,54620
2021,zonas estadisticas,mujeres,extranjera,De 30-34 años,,,62259
2021,zonas estadisticas,mujeres,extranjera,De 35-39 años,,,61064
2021,zonas estadisticas,mujeres,extranjera,De 40-44 años,,,53315
2021,zonas estadisticas,mujeres,extranjera,De 45-49 años,,,41483
2021,zonas estadisticas,mujeres,extranjera,De 5-9 años,,,21133
2021,zonas estadisticas,mujeres,extranjera,De 50-54 años,,,32986
2021,zonas estadisticas,mujeres,extranjera,De 55-59 años,,,23316
2021,zonas estadisticas,mujeres,extranjera,De 60-64 años,,,16539
2021,zonas estadisticas,mujeres,extranjera,De 65-69 años,,,10536
2021,zonas estadisticas,mujeres,extranjera,De 70-74 años,,,6206
2021,zonas estadisticas,mujeres,extranjera,De 75-79 años,,,3366
2021,zonas estadisticas,mujeres,extranjera,De 80-84 años,,,2027
2021,zonas estadisticas,mujeres,extranjera,De 85-89 años,,,998
2021,zonas estadisticas,mujeres,extranjera,De 90-94 años,,,416
2021,zonas estadisticas,mujeres,extranjera,De 95-99 años,,,96
2021,zonas estadisticas,mujeres,extranjera,Total,,,484876
2021,zonas estadisticas,mujeres,total,De 0-4 años,,,141466
2021,zonas estadisticas,mujeres,total,De 10-14 años,,,176037
2021,zonas estadisticas,mujeres,total,De 100 y más años,,,1585
2021,zonas estadisticas,mujeres,total,De 15-19 años,,,167784
2021,zonas estadisticas,mujeres,total,De 20-24 años,,,170751
2021,zonas estadisticas,mujeres,total,De 25-29 años,,,197072
2021,zonas estadisticas,mujeres,total,De 30-34 años,,,217530
2021,zonas estadisticas,mujeres,total,De 35-39 años,,,249792
2021,zonas estadisticas,mujeres,total,De 40-44 años,,,292919
2021,zonas estadisticas,mujeres,total,De 45-49 años,,,295049
2021,zonas estadisticas,mujeres,total,De 5-9 años,,,164855
2021,zonas estadisticas,mujeres,total,De 50-54 años,,,268103
2021,zonas estadisticas,mujeres,total,De 55-59 años,,,244062
2021,zonas estadisticas,mujeres,total,De 60-64 años,,,211634
2021,zonas estadisticas,mujeres,total,De 65-69 años,,,177183
2021,zonas estadisticas,mujeres,total,De 70-74 años,,,163009
2021,zonas estadisticas,mujeres,total,De 75-79 años,,,132401
2021,zonas estadisticas,mujeres,total,De 80-84 años,,,101114
2021,zonas estadisticas,mujeres,total,De 85-89 años,,,80026
2021,zonas estadisticas,mujeres,total,De 90-94 años,,,41134
2021,zonas estadisticas,mujeres,total,De 95-99 años,,,11733
2021,zonas estadisticas,mujeres,total,Total,,,3505239
2021,zonas estadisticas,total,espanola,De 0-4 años,,,245500
2021,zonas estadisticas,total,espanola,De 10-14 años,,,324044
2021,zonas estadisticas,total,espanola,De 100 y más años,,,1847
2021,zonas estadisticas,total,espanola,De 15-19 años,,,306040
2021,zonas estadisticas,total,espanola,De 20-24 años,,,275951
2021,zonas estadisticas,total,espanola,De 25-29 años,,,287855
2021,zonas estadisticas,total,espanola,De 30-34 años,,,311604
2021,zonas estadisticas,total,espanola,De 35-39 años,,,373828
2021,zonas estadisticas,total,espanola,De 40-44 años,,,470595
2021,zonas estadisticas,total,espanola,De 45-49 años,,,497750
2021,zonas estadisticas,total,espanola,De 5-9 años,,,295277
2021,zonas estadisticas,total,espanola,De 50-54 años,,,456842
2021,zonas estadisticas,total,espanola,De 55-59 años,,,421685
2021,zonas estadisticas,total,espanola,De 60-64 años,,,364935
2021,zonas estadisticas,total,espanola,De 65-69 años,,,304223
2021,zonas estadisticas,total,espanola,De 70-74 años,,,281571
2021,zonas estadisticas,total,espanola,De 75-79 años,,,226376
2021,zonas estadisticas,total,espanola,De 80-84 años,,,163483
2021,zonas estadisticas,total,espanola,De 85-89 años,,,121858
2021,zonas estadisticas,total,espanola,De 90-94 años,,,57193
2021,zonas estadisticas,total,espanola,De 95-99 años,,,15070
2021,zonas estadisticas,total,espanola,Total,,,5803527
2021,zonas estadisticas,total,extranjera,De 0-4 años,,,45217
2021,zonas estadisticas,total,extranjera,De 10-14 años,,,37998
2021,zonas estadisticas,total,extranjera,De 100 y más años,,,30
2021,zonas estadisticas,total,extranjera,De 15-19 años,,,37371
2021,zonas estadisticas,total,extranjera,De 20-24 años,,,67505
2021,zonas estadisticas,total,extranjera,De 25-29 años,,,99631
2021,zonas estadisticas,total,extranjera,De 30-34 años,,,113451
2021,zonas estadisticas,total,extranjera,De 35-39 años,,,114572
2021,zonas estadisticas,total,extranjera,De 40-44 años,,,105623
2021,zonas estadisticas,total,extranjera,De 45-49 años,,,82953
2021,zonas estadisticas,total,extranjera,De 5-9 años,,,43644
2021,zonas estadisticas,total,extranjera,De 50-54 años,,,63734
2021,zonas estadisticas,total,extranjera,De 55-59 años,,,42888
2021,zonas estadisticas,total,extranjera,De 60-64 años,,,29448
2021,zonas estadisticas,total,extranjera,De 65-69 años,,,17779
2021,zonas estadisticas,total,extranjera,De 70-74 años,,,10225
2021,zonas estadisticas,total,extranjera,De 75-79 años,,,5442
2021,zonas estadisticas,total,extranjera,De 80-84 años,,,3299
2021,zonas estadisticas,total,extranjera,De 85-89 años,,,1561
2021,zonas estadisticas,total,extranjera,De 90-94 años,,,616
2021,zonas estadisticas,total,extranjera,De 95-99 años,,,126
2021,zonas estadisticas,total,extranjera,Total,,,923113
2021,zonas estadisticas,total,total,De 0-4 años,,,290717
2021,zonas estadisticas,total,total,De 10-14 años,,,362042
2021,zonas estadisticas,total,total,De 100 y más años,,,1877
2021,zonas estadisticas,total,total,De 15-19 años,,,343411
2021,zonas estadisticas,total,total,De 20-24 años,,,343456
2021,zonas estadisticas,total,total,De 25-29 años,,,387486
2021,zonas estadisticas,total,total,De 30-34 años,,,425055
2021,zonas estadisticas,total,total,De 35-39 años,,,488400
2021,zonas estadisticas,total,total,De 40-44 años,,,576218
2021,zonas estadisticas,total,total,De 45-49 años,,,580703
2021,zonas estadisticas,total,total,De 5-9 años,,,338921
2021,zonas estadisticas,total,total,De 50-54 años,,,520576
2021,zonas estadisticas,total,total,De 55-59 años,,,464573
2021,zonas estadisticas,total,total,De 60-64 años,,,394383
2021,zonas estadisticas,total,total,De 65-69 años,,,322002
2021,zonas estadisticas,total,total,De 70-74 años,,,291796
2021,zonas estadisticas,total,total,De 75-79 años,,,231818
2021,zonas estadisticas,total,total,De 80-84 años,,,166782
2021,zonas estadisticas,total,total,De 85-89 años,,,123419
2021,zonas estadisticas,total,total,De 90-94 años,,,57809
2021,zonas estadisticas,total,total,De 95-99 años,,,15196
2021,zonas estadisticas,total,total,Total,,,6726640
2022,comunidad de madrid,hombres,espanola,De 0-4 años,,,120444
2022,comunidad de madrid,hombres,espanola,De 10-14 años,,,166114
2022,comunidad de madrid,hombres,espanola,De 100 y más años,,,321
2022,comunidad de madrid,hombres,espanola,De 15-19 años,,,159979
2022,comunidad de madrid,hombres,espanola,De 20-24 años,,,144736
2022,comunidad de madrid,hombres,espanola,De 25-29 años,,,144527
2022,comunidad de madrid,hombres,espanola,De 30-34 años,,,153862
2022,comunidad de madrid,hombres,espanola,De 35-39 años,,,176685
2022,comunidad de madrid,hombres,espanola,De 40-44 años,,,221360
2022,comunidad de madrid,hombres,espanola,De 45-49 años,,,246883
2022,comunidad de madrid,hombres,espanola,De 5-9 años,,,148193
2022,comunidad de madrid,hombres,espanola,De 50-54 años,,,225120
2022,comunidad de madrid,hombres,espanola,De 55-59 años,,,205625
2022,comunidad de madrid,hombres,espanola,De 60-64 años,,,174310
2022,comunidad de madrid,hombres,espanola,De 65-69 años,,,139868
2022,comunidad de madrid,hombres,espanola,De 70-74 años,,,125362
2022,comunidad de madrid,hombres,espanola,De 75-79 años,,,100966
2022,comunidad de madrid,hombres,espanola,De 80-84 años,,,63840
2022,comunidad de madrid,hombres,espanola,De 85-89 años,,,43798
2022,comunidad de madrid,hombres,espanola,De 90-94 años,,,17503
2022,comunidad de madrid,hombres,espanola,De 95-99 años,,,3626
2022,comunidad de madrid,hombres,espanola,Total,,,2783122
2022,comunidad de madrid,hombres,extranjera,De 0-4 años,,,21524
2022,comunidad de madrid,hombres,extranjera,De 10-14 años,,,20698
2022,comunidad de madrid,hombres,extranjera,De 100 y más años,,,5
2022,comunidad de madrid,hombres,extranjera,De 15-19 años,,,20108
2022,comunidad de madrid,hombres,extranjera,De 20-24 años,,,31967
2022,comunidad de madrid,hombres,extranjera,De 25-29 años,,,45452
2022,comunidad de madrid,hombres,extranjera,De 30-34 años,,,51818
2022,comunidad de madrid,hombres,extranjera,De 35-39 años,,,52467
2022,comunidad de madrid,hombres,extranjera,De 40-44 años,,,52203
2022,comunidad de madrid,hombres,extranjera,De 45-49 años,,,42893
2022,comunidad de madrid,hombres,extranjera,De 5-9 años,,,22795
2022,comunidad de madrid,hombres,extranjera,De 50-54 años,,,32436
2022,comunidad de madrid,hombres,extranjera,De 55-59 años,,,20857
2022,comunidad de madrid,hombres,extranjera,De 60-64 años,,,13648
2022,comunidad de madrid,hombres,extranjera,De 65-69 años,,,8127
2022,comunidad de madrid,hombres,extranjera,De 70-74 años,,,4478
2022,comunidad de madrid,hombres,extranjera,De 75-79 años,,,2302
2022,comunidad de madrid,hombres,extranjera,De 80-84 años,,,1384
2022,comunidad de madrid,hombres,extranjera,De 85-89 años,,,585
2022,comunidad de madrid,hombres,extranjera,De 90-94 años,,,212
2022,comunidad de madrid,hombres,extranjera,De 95-99 años,,,46
2022,comunidad de madrid,hombres,extranjera,Total,,,446005
2022,comunidad de madrid,hombres,total,De 0-4 años,,,141968
2022,comunidad de madrid,hombres,total,De 10-14 años,,,186812
2022,comunidad de madrid,hombres,total,De 100 y más años,,,326
2022,comunidad de madrid,hombres,total,De 15-19 años,,,180087
2022,comunidad de madrid,hombres,total,De 20-24 años,,,176703
2022,comunidad de madrid,hombres,total,De 25-29 años,,,189979
2022,comunidad de madrid,hombres,total,De 30-34 años,,,205680
2022,comunidad de madrid,hombres,total,De 35-39 años,,,229152
2022,comunidad de madrid,hombres,total,De 40-44 años,,,273563
2022,comunidad de madrid,hombres,total,De 45-49 años,,,289776
2022,comunidad de madrid,hombres,total,De 5-9 años,,,170988
2022,comunidad de madrid,hombres,total,De 50-54 años,,,257556
2022,comunidad de madrid,hombres,total,De 55-59 años,,,226482
2022,comunidad de madrid,hombres,total,De 60-64 años,,,187958
2022,comunidad de madrid,hombres,total,De 65-69 años,,,147995
2022,comunidad de madrid,hombres,total,De 70-74 años,,,129840
2022,comunidad de madrid,hombres,total,De 75-79 años,,,103268
2022,comunidad de madrid,hombres,total,De 80-84 años,,,65224
2022,comunidad de madrid,hombres,total,De 85-89 años,,,44383
2022,comunidad de madrid,hombres,total,De 90-94 años,,,17715
2022,comunidad de madrid,hombres,total,De 95-99 años,,,3672
2022,comunidad de madrid,hombres,total,Total,,,3229127
2022,comunidad de madrid,mujeres,espanola,De 0-4 años,,,114145
2022,comunidad de madrid,mujeres,espanola,De 10-14 años,,,157181
2022,comunidad de madrid,mujeres,espanola,De 100 y más años,,,1717
2022,comunidad de madrid,mujeres,espanola,De 15-19 años,,,152715
2022,comunidad de madrid,mujeres,espanola,De 20-24 años,,,138311
2022,comunidad de madrid,mujeres,espanola,De 25-29 años,,,141309
2022,comunidad de madrid,mujeres,espanola,De 30-34 años,,,152295
2022,comunidad de madrid,mujeres,espanola,De 35-39 años,,,180098
2022,comunidad de madrid,mujeres,espanola,De 40-44 años,,,229477
2022,comunidad de madrid,mujeres,espanola,De 45-49 años,,,256274
2022,comunidad de madrid,mujeres,espanola,De 5-9 años,,,140524
2022,comunidad de madrid,mujeres,espanola,De 50-54 años,,,238488
2022,comunidad de madrid,mujeres,espanola,De 55-59 años,,,224979
2022,comunidad de madrid,mujeres,espanola,De 60-64 años,,,199048
2022,comunidad de madrid,mujeres,espanola,De 65-69 años,,,169694
2022,comunidad de madrid,mujeres,espanola,De 70-74 años,,,157888
2022,comunidad de madrid,mujeres,espanola,De 75-79 años,,,135145
2022,comunidad de madrid,mujeres,espanola,De 80-84 años,,,96118
2022,comunidad de madrid,mujeres,espanola,De 85-89 años,,,80925
2022,comunidad de madrid,mujeres,espanola,De 90-94 años,,,42548
2022,comunidad de madrid,mujeres,espanola,De 95-99 años,,,12570
2022,comunidad de madrid,mujeres,espanola,Total,,,3021449
2022,comunidad de madrid,mujeres,extranjera,De 0-4 años,,,20369
2022,comunidad de madrid,mujeres,extranjera,De 10-14 años,,,19394
2022,comunidad de madrid,mujeres,extranjera,De 100 y más años,,,24
2022,comunidad de madrid,mujeres,extranjera,De 15-19 años,,,19120
2022,comunidad de madrid,mujeres,extranjera,De 20-24 años,,,35085
2022,comunidad de madrid,mujeres,extranjera,De 25-29 años,,,54827
2022,comunidad de madrid,mujeres,extranjera,De 30-34 años,,,61700
2022,comunidad de madrid,mujeres,extranjera,De 35-39 años,,,60527
2022,comunidad de madrid,mujeres,extranjera,De 40-44 años,,,54450
2022,comunidad de madrid,mujeres,extranjera,De 45-49 años,,,43115
2022,comunidad de madrid,mujeres,extranjera,De 5-9 años,,,21455
2022,comunidad de madrid,mujeres,extranjera,De 50-54 años,,,34723
2022,comunidad de madrid,mujeres,extranjera,De 55-59 años,,,24313
2022,comunidad de madrid,mujeres,extranjera,De 60-64 años,,,17349
2022,comunidad de madrid,mujeres,extranjera,De 65-69 años,,,11603
2022,comunidad de madrid,mujeres,extranjera,De 70-74 años,,,6893
2022,comunidad de madrid,mujeres,extranjera,De 75-79 años,,,3769
2022,comunidad de madrid,mujeres,extranjera,De 80-84 años,,,2221
2022,comunidad de madrid,mujeres,extranjera,De 85-89 años,,,1168
2022,comunidad de madrid,mujeres,extranjera,De 90-94 años,,,462
2022,comunidad de madrid,mujeres,extranjera,De 95-99 años,,,111
2022,comunidad de madrid,mujeres,extranjera,Total,,,492678
2022,comunidad de madrid,mujeres,total,De 0-4 años,,,134514
2022,comunidad de madrid,mujeres,total,De 10-14 años,,,176575
2022,comunidad de madrid,mujeres,total,De 100 y más años,,,1741
2022,comunidad de madrid,mujeres,total,De 15-19 años,,,171835
2022,comunidad de madrid,mujeres,total,De 20-24 años,,,173396
2022,comunidad de madrid,mujeres,total,De 25-29 años,,,196136
2022,comunidad de madrid,mujeres,total,De 30-34 años,,,213995
2022,comunidad de madrid,mujeres,total,De 35-39 años,,,240625
2022,comunidad de madrid,mujeres,total,De 40-44 años,,,283927
2022,comunidad de madrid,mujeres,total,De 45-49 años,,,299389
2022,comunidad de madrid,mujeres,total,De 5-9 años,,,161979
2022,comunidad de madrid,mujeres,total,De 50-54 años,,,273211
2022,comunidad de madrid,mujeres,total,De 55-59 años,,,249292
2022,comunidad de madrid,mujeres,total,De 60-64 años,,,216397
2022,comunidad de madrid,mujeres,total,De 65-69 años,,,181297
2022,comunidad de madrid,mujeres,total,De 70-74 años,,,164781
2022,comunidad de madrid,mujeres,total,De 75-79 años,,,138914
2022,comunidad de madrid,mujeres,total,De 80-84 años,,,98339
2022,comunidad de madrid,mujeres,total,De 85-89 años,,,82093
2022,comunidad de madrid,mujeres,total,De 90-94 años,,,43010
2022,comunidad de madrid,mujeres,total,De 95-99 años,,,12681
2022,comunidad de madrid,mujeres,total,Total,,,3514127
2022,comunidad de madrid,total,espanola,De 0-4 años,,,234589
2022,comunidad de madrid,total,espanola,De 10-14 años,,,323295
2022,comunidad de madrid,total,espanola,De 100 y más años,,,2038
2022,comunidad de madrid,total,espanola,De 15-19 años,,,312694
2022,comunidad de madrid,total,espanola,De 20-24 años,,,283047
2022,comunidad de madrid,total,espanola,De 25-29 años,,,285836
2022,comunidad de madrid,total,espanola,De 30-34 años,,,306157
2022,comunidad de madrid,total,espanola,De 35-39 años,,,356783
2022,comunidad de madrid,total,espanola,De 40-44 años,,,450837
2022,comunidad de madrid,total,espanola,De 45-49 años,,,503157
2022,comunidad de madrid,total,espanola,De 5-9 años,,,288717
2022,comunidad de madrid,total,espanola,De 50-54 años,,,463608
2022,comunidad de madrid,total,espanola,De 55-59 años,,,430604
2022,comunidad de madrid,total,espanola,De 60-64 años,,,373358
2022,comunidad de madrid,total,espanola,De 65-69 años,,,309562
2022,comunidad de madrid,total,espanola,De 70-74 años,,,283250
2022,comunidad de madrid,total,espanola,De 75-79 años,,,236111
2022,comunidad de madrid,total,espanola,De 80-84 años,,,159958
2022,comunidad de madrid,total,espanola,De 85-89 años,,,124723
2022,comunidad de madrid,total,espanola,De 90-94 años,,,60051
2022,comunidad de madrid,total,espanola,De 95-99 años,,,16196
2022,comunidad de madrid,total,espanola,Total,,,5804571
2022,comunidad de madrid,total,extranjera,De 0-4 años,,,41893
2022,comunidad de madrid,total,extranjera,De 10-14 años,,,40092
2022,comunidad de madrid,total,extranjera,De 100 y más años,,,29
2022,comunidad de madrid,total,extranjera,De 15-19 años,,,39228
2022,comunidad de madrid,total,extranjera,De 20-24 años,,,67052
2022,comunidad de madrid,total,extranjera,De 25-29 años,,,100279
2022,comunidad de madrid,total,extranjera,De 30-34 años,,,113518
2022,comunidad de madrid,total,extranjera,De 35-39 años,,,112994
2022,comunidad de madrid,total,extranjera,De 40-44 años,,,106653
2022,comunidad de madrid,total,extranjera,De 45-49 años,,,86008
2022,comunidad de madrid,total,extranjera,De 5-9 años,,,44250
2022,comunidad de madrid,total,extranjera,De 50-54 años,,,67159
2022,comunidad de madrid,total,extranjera,De 55-59 años,,,45170
2022,comunidad de madrid,total,extranjera,De 60-64 años,,,30997
2022,comunidad de madrid,total,extranjera,De 65-69 años,,,19730
2022,comunidad de madrid,total,extranjera,De 70-74 años,,,11371
2022,comunidad de madrid,total,extranjera,De 75-79 años,,,6071
2022,comunidad de madrid,total,extranjera,De 80-84 años,,,3605
2022,comunidad de madrid,total,extranjera,De 85-89 años,,,1753
2022,comunidad de madrid,total,extranjera,De 90-94 años,,,674
2022,comunidad de madrid,total,extranjera,De 95-99 años,,,157
2022,comunidad de madrid,total,extranjera,Total,,,938683
2022,comunidad de madrid,total,total,De 0-4 años,,,276482
2022,comunidad de madrid,total,total,De 10-14 años,,,363387
2022,comunidad de madrid,total,total,De 100 y más años,,,2067
2022,comunidad de madrid,total,total,De 15-19 años,,,351922
2022,comunidad de madrid,total,total,De 20-24 años,,,350099
2022,comunidad de madrid,total,total,De 25-29 años,,,386115
2022,comunidad de madrid,total,total,De 30-34 años,,,419675
2022,comunidad de madrid,total,total,De 35-39 años,,,469777
2022,comunidad de madrid,total,total,De 40-44 años,,,557490
2022,comunidad de madrid,total,total,De 45-49 años,,,589165
2022,comunidad de madrid,total,total,De 5-9 años,,,332967
2022,comunidad de madrid,total,total,De 50-54 años,,,530767
2022,comunidad de madrid,total,total,De 55-59 años,,,475774
2022,comunidad de madrid,total,total,De 60-64 años,,,404355
2022,comunidad de madrid,total,total,De 65-69 años,,,329292
2022,comunidad de madrid,total,total,De 70-74 años,,,294621
2022,comunidad de madrid,total,total,De 75-79 años,,,242182
2022,comunidad de madrid,total,total,De 80-84 años,,,163563
2022,comunidad de madrid,total,total,De 85-89 años,,,126476
2022,comunidad de madrid,total,total,De 90-94 años,,,60725
2022,comunidad de madrid,total,total,De 95-99 años,,,16353
2022,comunidad de madrid,total,total,Total,,,6743254
2022,municipios,hombres,espanola,De 0-4 años,,,120444
2022,municipios,hombres,espanola,De 10-14 años,,,166114
2022,municipios,hombres,espanola,De 100 y más años,,,321
2022,municipios,hombres,espanola,De 15-19 años,,,159979
2022,municipios,hombres,espanola,De 20-24 años,,,144736
2022,municipios,hombres,espanola,De 25-29 años,,,144527
2022,municipios,hombres,espanola,De 30-34 años,,,153862
2022,municipios,hombres,espanola,De 35-39 años,,,176685
2022,municipios,hombres,espanola,De 40-44 años,,,221360
2022,municipios,hombres,espanola,De 45-49 años,,,246883
2022,municipios,hombres,espanola,De 5-9 años,,,148193
2022,municipios,hombres,espanola,De 50-54 años,,,225120
2022,municipios,hombres,espanola,De 55-59 años,,,205625
2022,municipios,hombres,espanola,De 60-64 años,,,174310
2022,municipios,hombres,espanola,De 65-69 años,,,139868
2022,municipios,hombres,espanola,De 70-74 años,,,125362
2022,municipios,hombres,espanola,De 75-79 años,,,100966
2022,municipios,hombres,espanola,De 80-84 años,,,63840
2022,municipios,hombres,espanola,De 85-89 años,,,43798
2022,municipios,hombres,espanola,De 90-94 años,,,17503
2022,municipios,hombres,espanola,De 95-99 años,,,3626
2022,municipios,hombres,espanola,Total,,,2783122
2022,municipios,hombres,extranjera,De 0-4 años,,,21524
2022,municipios,hombres,extranjera,De 10-14 años,,,20698
2022,municipios,hombres,extranjera,De 100 y más años,,,5
2022,municipios,hombres,extranjera,De 15-19 años,,,20108
2022,municipios,hombres,extranjera,De 20-24 años,,,31967
2022,municipios,hombres,extranjera,De 25-29 años,,,45452
2022,municipios,hombres,extranjera,De 30-34 años,,,51818
2022,municipios,hombres,extranjera,De 35-39 años,,,52467
2022,municipios,hombres,extranjera,De 40-44 años,,,52203
2022,municipios,hombres,extranjera,De 45-49 años,,,42893
2022,municipios,hombres,extranjera,De 5-9 años,,,22795
2022,municipios,hombres,extranjera,De 50-54 años,,,32436
2022,municipios,hombres,extranjera,De 55-59 años,,,20857
2022,municipios,hombres,extranjera,De 60-64 años,,,13648
2022,municipios,hombres,extranjera,De 65-69 años,,,8127
2022,municipios,hombres,extranjera,De 70-74 años,,,4478
2022,municipios,hombres,extranjera,De 75-79 años,,,2302
2022,municipios,hombres,extranjera,De 80-84 años,,,1384
2022,municipios,hombres,extranjera,De 85-89 años,,,585
2022,municipios,hombres,extranjera,De 90-94 años,,,212
2022,municipios,hombres,extranjera,De 95-99 años,,,46
2022,municipios,hombres,extranjera,Total,,,446005
2022,municipios,hombres,total,De 0-4 años,,,141968
2022,municipios,hombres,total,De 10-14 años,,,186812
2022,municipios,hombres,total,De 100 y más años,,,326
2022,municipios,hombres,total,De 15-19 años,,,180087
2022,municipios,hombres,total,De 20-24 años,,,176703
2022,municipios,hombres,total,De 25-29 años,,,189979
2022,municipios,hombres,total,De 30-34 años,,,205680
2022,municipios,hombres,total,De 35-39 años,,,229152
2022,municipios,hombres,total,De 40-44 años,,,273563
2022,municipios,hombres,total,De 45-49 años,,,289776
2022,municipios,hombres,total,De 5-9 años,,,170988
2022,municipios,hombres,total,De 50-54 años,,,257556
2022,municipios,hombres,total,De 55-59 años,,,226482
2022,municipios,hombres,total,De 60-64 años,,,187958
2022,municipios,hombres,total,De 65-69 años,,,147995
2022,municipios,hombres,total,De 70-74 años,,,129840
2022,municipios,hombres,total,De 75-79 años,,,103268
2022,municipios,hombres,total,De 80-84 años,,,65224
2022,municipios,hombres,total,De 85-89 años,,,44383
2022,municipios,hombres,total,De 90-94 años,,,17715
2022,municipios,hombres,total,De 95-99 años,,,3672
2022,municipios,hombres,total,Total,,,3229127
2022,municipios,mujeres,espanola,De 0-4 años,,,114145
2022,municipios,mujeres,espanola,De 10-14 años,,,157181
2022,municipios,mujeres,espanola,De 100 y más años,,,1717
2022,municipios,mujeres,espanola,De 15-19 años,,,152715
2022,municipios,mujeres,espanola,De 20-24 años,,,138311
2022,municipios,mujeres,espanola,De 25-29 años,,,141309
2022,municipios,mujeres,espanola,De 30-34 años,,,152295
2022,municipios,mujeres,espanola,De 35-39 años,,,180098
2022,municipios,mujeres,espanola,De 40-44 años,,,229477
2022,municipios,mujeres,espanola,De 45-49 años,,,256274
2022,municipios,mujeres,espanola,De 5-9 años,,,140524
2022,municipios,mujeres,espanola,De 50-54 años,,,238488
2022,municipios,mujeres,espanola,De 55-59 años,,,224979
2022,municipios,mujeres,espanola,De 60-64 años,,,199048
2022,municipios,mujeres,espanola,De 65-69 años,,,169694
2022,municipios,mujeres,espanola,De 70-74 años,,,157888
2022,municipios,mujeres,espanola,De 75-79 años,,,135145
2022,municipios,mujeres,espanola,De 80-84 años,,,96118
2022,municipios,mujeres,espanola,De 85-89 años,,,80925
2022,municipios,mujeres,espanola,De 90-94 años,,,42548
2022,municipios,mujeres,espanola,De 95-99 años,,,12570
2022,municipios,mujeres,espanola,Total,,,3021449
2022,municipios,mujeres,extranjera,De 0-4 años,,,20369
2022,municipios,mujeres,extranjera,De 10-14 años,,,19394
2022,municipios,mujeres,extranjera,De 100 y más años,,,24
2022,municipios,mujeres,extranjera,De 15-19 años,,,19120
2022,municipios,mujeres,extranjera,De 20-24 años,,,35085
2022,municipios,mujeres,extranjera,De 25-29 años,,,54827
2022,municipios,mujeres,extranjera,De 30-34 años,,,61700
2022,municipios,mujeres,extranjera,De 35-39 años,,,60527
2022,municipios,mujeres,extranjera,De 40-44 años,,,54450
2022,municipios,mujeres,extranjera,De 45-49 años,,,43115
2022,municipios,mujeres,extranjera,De 5-9 años,,,21455
2022,municipios,mujeres,extranjera,De 50-54 años,,,34723
2022,municipios,mujeres,extranjera,De 55-59 años,,,24313
2022,municipios,mujeres,extranjera,De 60-64 años,,,17349
2022,municipios,mujeres,extranjera,De 65-69 años,,,11603
2022,municipios,mujeres,extranjera,De 70-74 años,,,6893
2022,municipios,mujeres,extranjera,De 75-79 años,,,3769
2022,municipios,mujeres,extranjera,De 80-84 años,,,2221
2022,municipios,mujeres,extranjera,De 85-89 años,,,1168
2022,municipios,mujeres,extranjera,De 90-94 años,,,462
2022,municipios,mujeres,extranjera,De 95-99 años,,,111
2022,municipios,mujeres,extranjera,Total,,,492678
2022,municipios,mujeres,total,De 0-4 años,,,134514
2022,municipios,mujeres,total,De 10-14 años,,,176575
2022,municipios,mujeres,total,De 100 y más años,,,1741
2022,municipios,mujeres,total,De 15-19 años,,,171835
2022,municipios,mujeres,total,De 20-24 años,,,173396
2022,municipios,mujeres,total,De 25-29 años,,,196136
2022,municipios,mujeres,total,De 30-34 años,,,213995
2022,municipios,mujeres,total,De 35-39 años,,,240625
2022,municipios,mujeres,total,De 40-44 años,,,283927
2022,municipios,mujeres,total,De 45-49 años,,,299389
2022,municipios,mujeres,total,De 5-9 años,,,161979
2022,municipios,mujeres,total,De 50-54 años,,,273211
2022,municipios,mujeres,total,De 55-59 años,,,249292
2022,municipios,mujeres,total,De 60-64 años,,,216397
2022,municipios,mujeres,total,De 65-69 años,,,181297
2022,municipios,mujeres,total,De 70-74 años,,,164781
2022,municipios,mujeres,total,De 75-79 años,,,138914
2022,municipios,mujeres,total,De 80-84 años,,,98339
2022,municipios,mujeres,total,De 85-89 años,,,82093
2022,municipios,mujeres,total,De 90-94 años,,,43010
2022,municipios,mujeres,total,De 95-99 años,,,12681
2022,municipios,mujeres,total,Total,,,3514127
2022,municipios,total,espanola,De 0-4 años,,,234589
2022,municipios,total,espanola,De 10-14 años,,,323295
2022,municipios,total,espanola,De 100 y más años,,,2038
2022,municipios,total,espanola,De 15-19 años,,,312694
2022,municipios,total,espanola,De 20-24 años,,,283047
2022,municipios,total,espanola,De 25-29 años,,,285836
2022,municipios,total,espanola,De 30-34 años,,,306157
2022,municipios,total,espanola,De 35-39 años,,,356783
2022,municipios,total,espanola,De 40-44 años,,,450837
2022,municipios,total,espanola,De 45-49 años,,,503157
2022,municipios,total,espanola,De 5-9 años,,,288717
2022,municipios,total,espanola,De 50-54 años,,,463608
2022,municipios,total,espanola,De 55-59 años,,,430604
2022,municipios,total,espanola,De 60-64 años,,,373358
2022,municipios,total,espanola,De 65-69 años,,,309562
2022,municipios,total,espanola,De 70-74 años,,,283250
2022,municipios,total,espanola,De 75-79 años,,,236111
2022,municipios,total,espanola,De 80-84 años,,,159958
2022,municipios,total,espanola,De 85-89 años,,,124723
2022,municipios,total,espanola,De 90-94 años,,,60051
2022,municipios,total,espanola,De 95-99 años,,,16196
2022,municipios,total,espanola,Total,,,5804571
2022,municipios,total,extranjera,De 0-4 años,,,41893
2022,municipios,total,extranjera,De 10-14 años,,,40092
2022,municipios,total,extranjera,De 100 y más años,,,29
2022,municipios,total,extranjera,De 15-19 años,,,39228
2022,municipios,total,extranjera,De 20-24 años,,,67052
2022,municipios,total,extranjera,De 25-29 años,,,100279
2022,municipios,total,extranjera,De 30-34 años,,,113518
2022,municipios,total,extranjera,De 35-39 años,,,112994
2022,municipios,total,extranjera,De 40-44 años,,,106653
2022,municipios,total,extranjera,De 45-49 años,,,86008
2022,municipios,total,extranjera,De 5-9 años,,,44250
2022,municipios,total,extranjera,De 50-54 años,,,67159
2022,municipios,total,extranjera,De 55-59 años,,,45170
2022,municipios,total,extranjera,De 60-64 años,,,30997
2022,municipios,total,extranjera,De 65-69 años,,,19730
2022,municipios,total,extranjera,De 70-74 años,,,11371
2022,municipios,total,extranjera,De 75-79 años,,,6071
2022,municipios,total,extranjera,De 80-84 años,,,3605
2022,municipios,total,extranjera,De 85-89 años,,,1753
2022,municipios,total,extranjera,De 90-94 años,,,674
2022,municipios,total,extranjera,De 95-99 años,,,157
2022,municipios,total,extranjera,Total,,,938683
2022,municipios,total,total,De 0-4 años,,,276482
2022,municipios,total,total,De 10-14 años,,,363387
2022,municipios,total,total,De 100 y más años,,,2067
2022,municipios,total,total,De 15-19 años,,,351922
2022,municipios,total,total,De 20-24 años,,,350099
2022,municipios,total,total,De 25-29 años,,,386115
2022,municipios,total,total,De 30-34 años,,,419675
2022,municipios,total,total,De 35-39 años,,,469777
2022,municipios,total,total,De 40-44 años,,,557490
2022,municipios,total,total,De 45-49 años,,,589165
2022,municipios,total,total,De 5-9 años,,,332967
2022,municipios,total,total,De 50-54 años,,,530767
2022,municipios,total,total,De 55-59 años,,,475774
2022,municipios,total,total,De 60-64 años,,,404355
2022,municipios,total,total,De 65-69 años,,,329292
2022,municipios,total,total,De 70-74 años,,,294621
2022,municipios,total,total,De 75-79 años,,,242182
2022,municipios,total,total,De 80-84 años,,,163563
2022,municipios,total,total,De 85-89 años,,,126476
2022,municipios,total,total,De 90-94 años,,,60725
2022,municipios,total,total,De 95-99 años,,,16353
2022,municipios,total,total,Total,,,6743254
2022,zonas estadisticas,hombres,espanola,De 0-4 años,,,120444
2022,zonas estadisticas,hombres,espanola,De 10-14 años,,,166114
2022,zonas estadisticas,hombres,espanola,De 100 y más años,,,321
2022,zonas estadisticas,hombres,espanola,De 15-19 años,,,159979
2022,zonas estadisticas,hombres,espanola,De 20-24 años,,,144736
2022,zonas estadisticas,hombres,espanola,De 25-29 años,,,144527
2022,zonas estadisticas,hombres,espanola,De 30-34 años,,,153862
2022,zonas estadisticas,hombres,espanola,De 35-39 años,,,176685
2022,zonas estadisticas,hombres,espanola,De 40-44 años,,,221360
2022,zonas estadisticas,hombres,espanola,De 45-49 años,,,246883
2022,zonas estadisticas,hombres,espanola,De 5-9 años,,,148193
2022,zonas estadisticas,hombres,espanola,De 50-54 años,,,225120
2022,zonas estadisticas,hombres,espanola,De 55-59 años,,,205625
2022,zonas estadisticas,hombres,espanola,De 60-64 años,,,174310
2022,zonas estadisticas,hombres,espanola,De 65-69 años,,,139868
2022,zonas estadisticas,hombres,espanola,De 70-74 años,,,125362
2022,zonas estadisticas,hombres,espanola,De 75-79 años,,,100966
2022,zonas estadisticas,hombres,espanola,De 80-84 años,,,63840
2022,zonas estadisticas,hombres,espanola,De 85-89 años,,,43798
2022,zonas estadisticas,hombres,espanola,De 90-94 años,,,17503
2022,zonas estadisticas,hombres,espanola,De 95-99 años,,,3626
2022,zonas estadisticas,hombres,espanola,Total,,,2783122
2022,zonas estadisticas,hombres,extranjera,De 0-4 años,,,21524
2022,zonas estadisticas,hombres,extranjera,De 10-14 años,,,20698
2022,zonas estadisticas,hombres,extranjera,De 100 y más años,,,5
2022,zonas estadisticas,hombres,extranjera,De 15-19 años,,,20108
2022,zonas estadisticas,hombres,extranjera,De 20-24 años,,,31967
2022,zonas estadisticas,hombres,extranjera,De 25-29 años,,,45452
2022,zonas estadisticas,hombres,extranjera,De 30-34 años,,,51818
2022,zonas estadisticas,hombres,extranjera,De 35-39 años,,,52467
2022,zonas estadisticas,hombres,extranjera,De 40-44 años,,,52203
2022,zonas estadisticas,hombres,extranjera,De 45-49 años,,,42893
2022,zonas estadisticas,hombres,extranjera,De 5-9 años,,,22795
2022,zonas estadisticas,hombres,extranjera,De 50-54 años,,,32436
2022,zonas estadisticas,hombres,extranjera,De 55-59 años,,,20857
2022,zonas estadisticas,hombres,extranjera,De 60-64 años,,,13648
2022,zonas estadisticas,hombres,extranjera,De 65-69 años,,,8127
2022,zonas estadisticas,hombres,extranjera,De 70-74 años,,,4478
2022,zonas estadisticas,hombres,extranjera,De 75-79 años,,,2302
2022,zonas estadisticas,hombres,extranjera,De 80-84 años,,,1384
2022,zonas estadisticas,hombres,extranjera,De 85-89 años,,,585
2022,zonas estadisticas,hombres,extranjera,De 90-94 años,,,212
2022,zonas estadisticas,hombres,extranjera,De 95-99 años,,,46
2022,zonas estadisticas,hombres,extranjera,Total,,,446005
2022,zonas estadisticas,hombres,total,De 0-4 años,,,141968
2022,zonas estadisticas,hombres,total,De 10-14 años,,,186812
2022,zonas estadisticas,hombres,total,De 100 y más años,,,326
2022,zonas estadisticas,hombres,total,De 15-19 años,,,180087
2022,zonas estadisticas,hombres,total,De 20-24 años,,,176703
2022,zonas estadisticas,hombres,total,De 25-29 años,,,189979
2022,zonas estadisticas,hombres,total,De 30-34 años,,,205680
2022,zonas estadisticas,hombres,total,De 35-39 años,,,229152
2022,zonas estadisticas,hombres,total,De 40-44 años,,,273563
2022,zonas estadisticas,hombres,total,De 45-49 años,,,289776
2022,zonas estadisticas,hombres,total,De 5-9 años,,,170988
2022,zonas estadisticas,hombres,total,De 50-54 años,,,257556
2022,zonas estadisticas,hombres,total,De 55-59 años,,,226482
2022,zonas estadisticas,hombres,total,De 60-64 años,,,187958
2022,zonas estadisticas,hombres,total,De 65-69 años,,,147995
2022,zonas estadisticas,hombres,total,De 70-74 años,,,129840
2022,zonas estadisticas,hombres,total,De 75-79 años,,,103268
2022,zonas estadisticas,hombres,total,De 80-84 años,,,65224
2022,zonas estadisticas,hombres,total,De 85-89 años,,,44383
2022,zonas estadisticas,hombres,total,De 90-94 años,,,17715
2022,zonas estadisticas,hombres,total,De 95-99 años,,,3672
2022,zonas estadisticas,hombres,total,Total,,,3229127
2022,zonas estadisticas,mujeres,espanola,De 0-4 años,,,114145
2022,zonas estadisticas,mujeres,espanola,De 10-14 años,,,157181
2022,zonas estadisticas,mujeres,espanola,De 100 y más años,,,1717
2022,zonas estadisticas,mujeres,espanola,De 15-19 años,,,152715
2022,zonas estadisticas,mujeres,espanola,De 20-24 años,,,138311
2022,zonas estadisticas,mujeres,espanola,De 25-29 años,,,141309
2022,zonas estadisticas,mujeres,espanola,De 30-34 años,,,152295
2022,zonas estadisticas,mujeres,espanola,De 35-39 años,,,180098
2022,zonas estadisticas,mujeres,espanola,De 40-44 años,,,229477
2022,zonas estadisticas,mujeres,espanola,De 45-49 años,,,256274
2022,zonas estadisticas,mujeres,espanola,De 5-9 años,,,140524
2022,zonas estadisticas,mujeres,espanola,De 50-54 años,,,238488
2022,zonas estadisticas,mujeres,espanola,De 55-59 años,,,224979
2022,zonas estadisticas,mujeres,espanola,De 60-64 años,,,199048
2022,zonas estadisticas,mujeres,espanola,De 65-69 años,,,169694
2022,zonas estadisticas,mujeres,espanola,De 70-74 años,,,157888
2022,zonas estadisticas,mujeres,espanola,De 75-79 años,,,135145
2022,zonas estadisticas,mujeres,espanola,De 80-84 años,,,96118
2022,zonas estadisticas,mujeres,espanola,De 85-89 años,,,80925
2022,zonas estadisticas,mujeres,espanola,De 90-94 años,,,42548
2022,zonas estadisticas,mujeres,espanola,De 95-99 años,,,12570
2022,zonas estadisticas,mujeres,espanola,Total,,,3021449
2022,zonas estadisticas,mujeres,extranjera,De 0-4 años,,,20369
2022,zonas estadisticas,mujeres,extranjera,De 10-14 años,,,19394
2022,zonas estadisticas,mujeres,extranjera,De 100 y más años,,,24
2022,zonas estadisticas,mujeres,extranjera,De 15-19 años,,,19120
2022,zonas estadisticas,mujeres,extranjera,De 20-24 años,,,35085
2022,zonas estadisticas,mujeres,extranjera,De 25-29 años,,,54827
2022,zonas estadisticas,mujeres,extranjera,De 30-34 años,,,61700
2022,zonas estadisticas,mujeres,extranjera,De 35-39 años,,,60527
2022,zonas estadisticas,mujeres,extranjera,De 40-44 años,,,54450
2022,zonas estadisticas,mujeres,extranjera,De 45-49 años,,,43115
2022,zonas estadisticas,mujeres,extranjera,De 5-9 años,,,21455
2022,zonas estadisticas,mujeres,extranjera,De 50-54 años,,,34723
2022,zonas estadisticas,mujeres,extranjera,De 55-59 años,,,24313
2022,zonas estadisticas,mujeres,extranjera,De 60-64 años,,,17349
2022,zonas estadisticas,mujeres,extranjera,De 65-69 años,,,11603
2022,zonas estadisticas,mujeres,extranjera,De 70-74 años,,,6893
2022,zonas estadisticas,mujeres,extranjera,De 75-79 años,,,3769
2022,zonas estadisticas,mujeres,extranjera,De 80-84 años,,,2221
2022,zonas estadisticas,mujeres,extranjera,De 85-89 años,,,1168
2022,zonas estadisticas,mujeres,extranjera,De 90-94 años,,,462
2022,zonas estadisticas,mujeres,extranjera,De 95-99 años,,,111
2022,zonas estadisticas,mujeres,extranjera,Total,,,492678
2022,zonas estadisticas,mujeres,total,De 0-4 años,,,134514
2022,zonas estadisticas,mujeres,total,De 10-14 años,,,176575
2022,zonas estadisticas,mujeres,total,De 100 y más años,,,1741
2022,zonas estadisticas,mujeres,total,De 15-19 años,,,171835
2022,zonas estadisticas,mujeres,total,De 20-24 años,,,173396
2022,zonas estadisticas,mujeres,total,De 25-29 años,,,196136
2022,zonas estadisticas,mujeres,total,De 30-34 años,,,213995
2022,zonas estadisticas,mujeres,total,De 35-39 años,,,240625
2022,zonas estadisticas,mujeres,total,De 40-44 años,,,283927
2022,zonas estadisticas,mujeres,total,De 45-49 años,,,299389
2022,zonas estadisticas,mujeres,total,De 5-9 años,,,161979
2022,zonas estadisticas,mujeres,total,De 50-54 años,,,273211
2022,zonas estadisticas,mujeres,total,De 55-59 años,,,249292
2022,zonas estadisticas,mujeres,total,De 60-64 años,,,216397
2022,zonas estadisticas,mujeres,total,De 65-69 años,,,181297
2022,zonas estadisticas,mujeres,total,De 70-74 años,,,164781
2022,zonas estadisticas,mujeres,total,De 75-79 años,,,138914
2022,zonas estadisticas,mujeres,total,De 80-84 años,,,98339
2022,zonas estadisticas,mujeres,total,De 85-89 años,,,82093
2022,zonas estadisticas,mujeres,total,De 90-94 años,,,43010
2022,zonas estadisticas,mujeres,total,De 95-99 años,,,12681
2022,zonas estadisticas,mujeres,total,Total,,,3514127
2022,zonas estadisticas,total,espanola,De 0-4 años,,,234589
2022,zonas estadisticas,total,espanola,De 10-14 años,,,323295
2022,zonas estadisticas,total,espanola,De 100 y más años,,,2038
2022,zonas estadisticas,total,espanola,De 15-19 años,,,312694
2022,zonas estadisticas,total,espanola,De 20-24 años,,,283047
2022,zonas estadisticas,total,espanola,De 25-29 años,,,285836
2022,zonas estadisticas,total,espanola,De 30-34 años,,,306157
2022,zonas estadisticas,total,espanola,De 35-39 años,,,356783
2022,zonas estadisticas,total,espanola,De 40-44 años,,,450837
2022,zonas estadisticas,total,espanola,De 45-49 años,,,503157
2022,zonas estadisticas,total,espanola,De 5-9 años,,,288717
2022,zonas estadisticas,total,espanola,De 50-54 años,,,463608
2022,zonas estadisticas,total,espanola,De 55-59 años,,,430604
2022,zonas estadisticas,total,espanola,De 60-64 años,,,373358
2022,zonas estadisticas,total,espanola,De 65-69 años,,,309562
2022,zonas estadisticas,total,espanola,De 70-74 años,,,283250
2022,zonas estadisticas,total,espanola,De 75-79 años,,,236111
2022,zonas estadisticas,total,espanola,De 80-84 años,,,159958
2022,zonas estadisticas,total,espanola,De 85-89 años,,,124723
2022,zonas estadisticas,total,espanola,De 90-94 años,,,60051
2022,zonas estadisticas,total,espanola,De 95-99 años,,,16196
2022,zonas estadisticas,total,espanola,Total,,,5804571
2022,zonas estadisticas,total,extranjera,De 0-4 años,,,41893
2022,zonas estadisticas,total,extranjera,De 10-14 años,,,40092
2022,zonas estadisticas,total,extranjera,De 100 y más años,,,29
2022,zonas estadisticas,total,extranjera,De 15-19 años,,,39228
2022,zonas estadisticas,total,extranjera,De 20-24 años,,,67052
2022,zonas estadisticas,total,extranjera,De 25-29 años,,,100279
2022,zonas estadisticas,total,extranjera,De 30-34 años,,,113518
2022,zonas estadisticas,total,extranjera,De 35-39 años,,,112994
2022,zonas estadisticas,total,extranjera,De 40-44 años,,,106653
2022,zonas estadisticas,total,extranjera,De 45-49 años,,,86008
2022,zonas estadisticas,total,extranjera,De 5-9 años,,,44250
2022,zonas estadisticas,total,extranjera,De 50-54 años,,,67159
2022,zonas estadisticas,total,extranjera,De 55-59 años,,,45170
2022,zonas estadisticas,total,extranjera,De 60-64 años,,,30997
2022,zonas estadisticas,total,extranjera,De 65-69 años,,,19730
2022,zonas estadisticas,total,extranjera,De 70-74 años,,,11371
2022,zonas estadisticas,total,extranjera,De 75-79 años,,,6071
2022,zonas estadisticas,total,extranjera,De 80-84 años,,,3605
2022,zonas estadisticas,total,extranjera,De 85-89 años,,,1753
2022,zonas estadisticas,total,extranjera,De 90-94 años,,,674
2022,zonas estadisticas,total,extranjera,De 95-99 años,,,157
2022,zonas estadisticas,total,extranjera,Total,,,938683
2022,zonas estadisticas,total,total,De 0-4 años,,,276482
2022,zonas estadisticas,total,total,De 10-14 años,,,363387
2022,zonas estadisticas,total,total,De 100 y más años,,,2067
2022,zonas estadisticas,total,total,De 15-19 años,,,351922
2022,zonas estadisticas,total,total,De 20-24 años,,,350099
2022,zonas estadisticas,total,total,De 25-29 años,,,386115
2022,zonas estadisticas,total,total,De 30-34 años,,,419675
2022,zonas estadisticas,total,total,De 35-39 años,,,469777
2022,zonas estadisticas,total,total,De 40-44 años,,,557490
2022,zonas estadisticas,total,total,De 45-49 años,,,589165
2022,zonas estadisticas,total,total,De 5-9 años,,,332967
2022,zonas estadisticas,total,total,De 50-54 años,,,530767
2022,zonas estadisticas,total,total,De 55-59 años,,,475774
2022,zonas estadisticas,total,total,De 60-64 años,,,404355
2022,zonas estadisticas,total,total,De 65-69 años,,,329292
2022,zonas estadisticas,total,total,De 70-74 años,,,294621
2022,zonas estadisticas,total,total,De 75-79 años,,,242182
2022,zonas estadisticas,total,total,De 80-84 años,,,163563
2022,zonas estadisticas,total,total,De 85-89 años,,,126476
2022,zonas estadisticas,total,total,De 90-94 años,,,60725
2022,zonas estadisticas,total,total,De 95-99 años,,,16353
2022,zonas estadisticas,total,total,Total,,,6743254
2023,comunidad de madrid,hombres,espanola,De 0-4 años,,,116268
2023,comunidad de madrid,hombres,espanola,De 10-14 años,,,164808
2023,comunidad de madrid,hombres,espanola,De 100 y más años,,,330
2023,comunidad de madrid,hombres,espanola,De 15-19 años,,,163594
2023,comunidad de madrid,hombres,espanola,De 20-24 años,,,149686
2023,comunidad de madrid,hombres,espanola,De 25-29 años,,,146232
2023,comunidad de madrid,hombres,espanola,De 30-34 años,,,154664
2023,comunidad de madrid,hombres,espanola,De 35-39 años,,,170798
2023,comunidad de madrid,hombres,espanola,De 40-44 años,,,211930
2023,comunidad de madrid,hombres,espanola,De 45-49 años,,,247078
2023,comunidad de madrid,hombres,espanola,De 5-9 años,,,145290
2023,comunidad de madrid,hombres,espanola,De 50-54 años,,,228812
2023,comunidad de madrid,hombres,espanola,De 55-59 años,,,210025
2023,comunidad de madrid,hombres,espanola,De 60-64 años,,,178266
2023,comunidad de madrid,hombres,espanola,De 65-69 años,,,143414
2023,comunidad de madrid,hombres,espanola,De 70-74 años,,,125986
2023,comunidad de madrid,hombres,espanola,De 75-79 años,,,105046
2023,comunidad de madrid,hombres,espanola,De 80-84 años,,,65592
2023,comunidad de madrid,hombres,espanola,De 85-89 años,,,43601
2023,comunidad de madrid,hombres,espanola,De 90-94 años,,,18680
2023,comunidad de madrid,hombres,espanola,De 95-99 años,,,3799
2023,comunidad de madrid,hombres,espanola,Total,,,2793899
2023,comunidad de madrid,hombres,extranjera,De 0-4 años,,,21819
2023,comunidad de madrid,hombres,extranjera,De 10-14 años,,,24031
2023,comunidad de madrid,hombres,extranjera,De 100 y más años,,,6
2023,comunidad de madrid,hombres,extranjera,De 15-19 años,,,24048
2023,comunidad de madrid,hombres,extranjera,De 20-24 años,,,38096
2023,comunidad de madrid,hombres,extranjera,De 25-29 años,,,54162
2023,comunidad de madrid,hombres,extranjera,De 30-34 años,,,59010
2023,comunidad de madrid,hombres,extranjera,De 35-39 años,,,56014
2023,comunidad de madrid,hombres,extranjera,De 40-44 años,,,54987
2023,comunidad de madrid,hombres,extranjera,De 45-49 años,,,45733
2023,comunidad de madrid,hombres,extranjera,De 5-9 años,,,24373
2023,comunidad de madrid,hombres,extranjera,De 50-54 años,,,34709
2023,comunidad de madrid,hombres,extranjera,De 55-59 años,,,22967
2023,comunidad de madrid,hombres,extranjera,De 60-64 años,,,15029
2023,comunidad de madrid,hombres,extranjera,De 65-69 años,,,8899
2023,comunidad de madrid,hombres,extranjera,De 70-74 años,,,5230
2023,comunidad de madrid,hombres,extranjera,De 75-79 años,,,2655
2023,comunidad de madrid,hombres,extranjera,De 80-84 años,,,1547
2023,comunidad de madrid,hombres,extranjera,De 85-89 años,,,689
2023,comunidad de madrid,hombres,extranjera,De 90-94 años,,,243
2023,comunidad de madrid,hombres,extranjera,De 95-99 años,,,51
2023,comunidad de madrid,hombres,extranjera,Total,,,494298
2023,comunidad de madrid,hombres,total,De 0-4 años,,,138087
2023,comunidad de madrid,hombres,total,De 10-14 años,,,188839
2023,comunidad de madrid,hombres,total,De 100 y más años,,,336
2023,comunidad de madrid,hombres,total,De 15-19 años,,,187642
2023,comunidad de madrid,hombres,total,De 20-24 años,,,187782
2023,comunidad de madrid,hombres,total,De 25-29 años,,,200394
2023,comunidad de madrid,hombres,total,De 30-34 años,,,213674
2023,comunidad de madrid,hombres,total,De 35-39 años,,,226812
2023,comunidad de madrid,hombres,total,De 40-44 años,,,266917
2023,comunidad de madrid,hombres,total,De 45-49 años,,,292811
2023,comunidad de madrid,hombres,total,De 5-9 años,,,169663
2023,comunidad de madrid,hombres,total,De 50-54 años,,,263521
2023,comunidad de madrid,hombres,total,De 55-59 años,,,232992
2023,comunidad de madrid,hombres,total,De 60-64 años,,,193295
2023,comunidad de madrid,hombres,total,De 65-69 años,,,152313
2023,comunidad de madrid,hombres,total,De 70-74 años,,,131216
2023,comunidad de madrid,hombres,total,De 75-79 años,,,107701
2023,comunidad de madrid,hombres,total,De 80-84 años,,,67139
2023,comunidad de madrid,hombres,total,De 85-89 años,,,44290
2023,comunidad de madrid,hombres,total,De 90-94 años,,,18923
2023,comunidad de madrid,hombres,total,De 95-99 años,,,3850
2023,comunidad de madrid,hombres,total,Total,,,3288197
2023,comunidad de madrid,mujeres,espanola,De 0-4 años,,,110062
2023,comunidad de madrid,mujeres,espanola,De 10-14 años,,,155934
2023,comunidad de madrid,mujeres,espanola,De 100 y más años,,,1845
2023,comunidad de madrid,mujeres,espanola,De 15-19 años,,,155999
2023,comunidad de madrid,mujeres,espanola,De 20-24 años,,,143808
2023,comunidad de madrid,mujeres,espanola,De 25-29 años,,,143742
2023,comunidad de madrid,mujeres,espanola,De 30-34 años,,,153870
2023,comunidad de madrid,mujeres,espanola,De 35-39 años,,,173665
2023,comunidad de madrid,mujeres,espanola,De 40-44 años,,,220806
2023,comunidad de madrid,mujeres,espanola,De 45-49 años,,,257047
2023,comunidad de madrid,mujeres,espanola,De 5-9 años,,,137653
2023,comunidad de madrid,mujeres,espanola,De 50-54 años,,,241784
2023,comunidad de madrid,mujeres,espanola,De 55-59 años,,,229115
2023,comunidad de madrid,mujeres,espanola,De 60-64 años,,,202204
2023,comunidad de madrid,mujeres,espanola,De 65-69 años,,,174127
2023,comunidad de madrid,mujeres,espanola,De 70-74 años,,,158940
2023,comunidad de madrid,mujeres,espanola,De 75-79 años,,,140808
2023,comunidad de madrid,mujeres,espanola,De 80-84 años,,,96963
2023,comunidad de madrid,mujeres,espanola,De 85-89 años,,,80556
2023,comunidad de madrid,mujeres,espanola,De 90-94 años,,,44112
2023,comunidad de madrid,mujeres,espanola,De 95-99 años,,,13075
2023,comunidad de madrid,mujeres,espanola,Total,,,3036115
2023,comunidad de madrid,mujeres,extranjera,De 0-4 años,,,20971
2023,comunidad de madrid,mujeres,extranjera,De 10-14 años,,,22826
2023,comunidad de madrid,mujeres,extranjera,De 100 y más años,,,30
2023,comunidad de madrid,mujeres,extranjera,De 15-19 años,,,23337
2023,comunidad de madrid,mujeres,extranjera,De 20-24 años,,,40984
2023,comunidad de madrid,mujeres,extranjera,De 25-29 años,,,63419
2023,comunidad de madrid,mujeres,extranjera,De 30-34 años,,,67845
2023,comunidad de madrid,mujeres,extranjera,De 35-39 años,,,64446
2023,comunidad de madrid,mujeres,extranjera,De 40-44 años,,,58552
2023,comunidad de madrid,mujeres,extranjera,De 45-49 años,,,47269
2023,comunidad de madrid,mujeres,extranjera,De 5-9 años,,,23244
2023,comunidad de madrid,mujeres,extranjera,De 50-54 años,,,37572
2023,comunidad de madrid,mujeres,extranjera,De 55-59 años,,,27457
2023,comunidad de madrid,mujeres,extranjera,De 60-64 años,,,19325
2023,comunidad de madrid,mujeres,extranjera,De 65-69 años,,,12936
2023,comunidad de madrid,mujeres,extranjera,De 70-74 años,,,8173
2023,comunidad de madrid,mujeres,extranjera,De 75-79 años,,,4576
2023,comunidad de madrid,mujeres,extranjera,De 80-84 años,,,2653
2023,comunidad de madrid,mujeres,extranjera,De 85-89 años,,,1308
2023,comunidad de madrid,mujeres,extranjera,De 90-94 años,,,539
2023,comunidad de madrid,mujeres,extranjera,De 95-99 años,,,129
2023,comunidad de madrid,mujeres,extranjera,Total,,,547591
2023,comunidad de madrid,mujeres,total,De 0-4 años,,,131033
2023,comunidad de madrid,mujeres,total,De 10-14 años,,,178760
2023,comunidad de madrid,mujeres,total,De 100 y más años,,,1875
2023,comunidad de madrid,mujeres,total,De 15-19 años,,,179336
2023,comunidad de madrid,mujeres,total,De 20-24 años,,,184792
2023,comunidad de madrid,mujeres,total,De 25-29 años,,,207161
2023,comunidad de madrid,mujeres,total,De 30-34 años,,,221715
2023,comunidad de madrid,mujeres,total,De 35-39 años,,,238111
2023,comunidad de madrid,mujeres,total,De 40-44 años,,,279358
2023,comunidad de madrid,mujeres,total,De 45-49 años,,,304316
2023,comunidad de madrid,mujeres,total,De 5-9 años,,,160897
2023,comunidad de madrid,mujeres,total,De 50-54 años,,,279356
2023,comunidad de madrid,mujeres,total,De 55-59 años,,,256572
2023,comunidad de madrid,mujeres,total,De 60-64 años,,,221529
2023,comunidad de madrid,mujeres,total,De 65-69 años,,,187063
2023,comunidad de madrid,mujeres,total,De 70-74 años,,,167113
2023,comunidad de madrid,mujeres,total,De 75-79 años,,,145384
2023,comunidad de madrid,mujeres,total,De 80-84 años,,,99616
2023,comunidad de madrid,mujeres,total,De 85-89 años,,,81864
2023,comunidad de madrid,mujeres,total,De 90-94 años,,,44651
2023,comunidad de madrid,mujeres,total,De 95-99 años,,,13204
2023,comunidad de madrid,mujeres,total,Total,,,3583706
2023,comunidad de madrid,total,espanola,De 0-4 años,,,226330
2023,comunidad de madrid,total,espanola,De 10-14 años,,,320742
2023,comunidad de madrid,total,espanola,De 100 y más años,,,2175
2023,comunidad de madrid,total,espanola,De 15-19 años,,,319593
2023,comunidad de madrid,total,espanola,De 20-24 años,,,293494
2023,comunidad de madrid,total,espanola,De 25-29 años,,,289974
2023,comunidad de madrid,total,espanola,De 30-34 años,,,308534
2023,comunidad de madrid,total,espanola,De 35-39 años,,,344463
2023,comunidad de madrid,total,espanola,De 40-44 años,,,432736
2023,comunidad de madrid,total,espanola,De 45-49 años,,,504125
2023,comunidad de madrid,total,espanola,De 5-9 años,,,282943
2023,comunidad de madrid,total,espanola,De 50-54 años,,,470596
2023,comunidad de madrid,total,espanola,De 55-59 años,,,439140
2023,comunidad de madrid,total,espanola,De 60-64 años,,,380470
2023,comunidad de madrid,total,espanola,De 65-69 años,,,317541
2023,comunidad de madrid,total,espanola,De 70-74 años,,,284926
2023,comunidad de madrid,total,espanola,De 75-79 años,,,245854
2023,comunidad de madrid,total,espanola,De 80-84 años,,,162555
2023,comunidad de madrid,total,espanola,De 85-89 años,,,124157
2023,comunidad de madrid,total,espanola,De 90-94 años,,,62792
2023,comunidad de madrid,total,espanola,De 95-99 años,,,16874
2023,comunidad de madrid,total,espanola,Total,,,5830014
2023,comunidad de madrid,total,extranjera,De 0-4 años,,,42790
2023,comunidad de madrid,total,extranjera,De 10-14 años,,,46857
2023,comunidad de madrid,total,extranjera,De 100 y más años,,,36
2023,comunidad de madrid,total,extranjera,De 15-19 años,,,47385
2023,comunidad de madrid,total,extranjera,De 20-24 años,,,79080
2023,comunidad de madrid,total,extranjera,De 25-29 años,,,117581
2023,comunidad de madrid,total,extranjera,De 30-34 años,,,126855
2023,comunidad de madrid,total,extranjera,De 35-39 años,,,120460
2023,comunidad de madrid,total,extranjera,De 40-44 años,,,113539
2023,comunidad de madrid,total,extranjera,De 45-49 años,,,93002
2023,comunidad de madrid,total,extranjera,De 5-9 años,,,47617
2023,comunidad de madrid,total,extranjera,De 50-54 años,,,72281
2023,comunidad de madrid,total,extranjera,De 55-59 años,,,50424
2023,comunidad de madrid,total,extranjera,De 60-64 años,,,34354
2023,comunidad de madrid,total,extranjera,De 65-69 años,,,21835
2023,comunidad de madrid,total,extranjera,De 70-74 años,,,13403
2023,comunidad de madrid,total,extranjera,De 75-79 años,,,7231
2023,comunidad de madrid,total,extranjera,De 80-84 años,,,4200
2023,comunidad de madrid,total,extranjera,De 85-89 años,,,1997
2023,comunidad de madrid,total,extranjera,De 90-94 años,,,782
2023,comunidad de madrid,total,extranjera,De 95-99 años,,,180
2023,comunidad de madrid,total,extranjera,Total,,,1041889
2023,comunidad de madrid,total,total,De 0-4 años,,,269120
2023,comunidad de madrid,total,total,De 10-14 años,,,367599
2023,comunidad de madrid,total,total,De 100 y más años,,,2211
2023,comunidad de madrid,total,total,De 15-19 años,,,366978
2023,comunidad de madrid,total,total,De 20-24 años,,,372574
2023,comunidad de madrid,total,total,De 25-29 años,,,407555
2023,comunidad de madrid,total,total,De 30-34 años,,,435389
2023,comunidad de madrid,total,total,De 35-39 años,,,464923
2023,comunidad de madrid,total,total,De 40-44 años,,,546275
2023,comunidad de madrid,total,total,De 45-49 años,,,597127
2023,comunidad de madrid,total,total,De 5-9 años,,,330560
2023,comunidad de madrid,total,total,De 50-54 años,,,542877
2023,comunidad de madrid,total,total,De 55-59 años,,,489564
2023,comunidad de madrid,total,total,De 60-64 años,,,414824
2023,comunidad de madrid,total,total,De 65-69 años,,,339376
2023,comunidad de madrid,total,total,De 70-74 años,,,298329
2023,comunidad de madrid,total,total,De 75-79 años,,,253085
2023,comunidad de madrid,total,total,De 80-84 años,,,166755
2023,comunidad de madrid,total,total,De 85-89 años,,,126154
2023,comunidad de madrid,total,total,De 90-94 años,,,63574
2023,comunidad de madrid,total,total,De 95-99 años,,,17054
2023,comunidad de madrid,total,total,Total,,,6871903
2023,municipios,hombres,espanola,De 0-4 años,,,116268
2023,municipios,hombres,espanola,De 10-14 años,,,164808
2023,municipios,hombres,espanola,De 100 y más años,,,330
2023,municipios,hombres,espanola,De 15-19 años,,,163594
2023,municipios,hombres,espanola,De 20-24 años,,,149686
2023,municipios,hombres,espanola,De 25-29 años,,,146232
2023,municipios,hombres,espanola,De 30-34 años,,,154664
2023,municipios,hombres,espanola,De 35-39 años,,,170798
2023,municipios,hombres,espanola,De 40-44 años,,,211930
2023,municipios,hombres,espanola,De 45-49 años,,,247078
2023,municipios,hombres,espanola,De 5-9 años,,,145290
2023,municipios,hombres,espanola,De 50-54 años,,,228812
2023,municipios,hombres,espanola,De 55-59 años,,,210025
2023,municipios,hombres,espanola,De 60-64 años,,,178266
2023,municipios,hombres,espanola,De 65-69 años,,,143414
2023,municipios,hombres,espanola,De 70-74 años,,,125986
2023,municipios,hombres,espanola,De 75-79 años,,,105046
2023,municipios,hombres,espanola,De 80-84 años,,,65592
2023,municipios,hombres,espanola,De 85-89 años,,,43601
2023,municipios,hombres,espanola,De 90-94 años,,,18680
2023,municipios,hombres,espanola,De 95-99 años,,,3799
2023,municipios,hombres,espanola,Total,,,2793899
2023,municipios,hombres,extranjera,De 0-4 años,,,21819
2023,municipios,hombres,extranjera,De 10-14 años,,,24031
2023,municipios,hombres,extranjera,De 100 y más años,,,6
2023,municipios,hombres,extranjera,De 15-19 años,,,24048
2023,municipios,hombres,extranjera,De 20-24 años,,,38096
2023,municipios,hombres,extranjera,De 25-29 años,,,54162
2023,municipios,hombres,extranjera,De 30-34 años,,,59010
2023,municipios,hombres,extranjera,De 35-39 años,,,56014
2023,municipios,hombres,extranjera,De 40-44 años,,,54987
2023,municipios,hombres,extranjera,De 45-49 años,,,45733
2023,municipios,hombres,extranjera,De 5-9 años,,,24373
2023,municipios,hombres,extranjera,De 50-54 años,,,34709
2023,municipios,hombres,extranjera,De 55-59 años,,,22967
2023,municipios,hombres,extranjera,De 60-64 años,,,15029
2023,municipios,hombres,extranjera,De 65-69 años,,,8899
2023,municipios,hombres,extranjera,De 70-74 años,,,5230
2023,municipios,hombres,extranjera,De 75-79 años,,,2655
2023,municipios,hombres,extranjera,De 80-84 años,,,1547
2023,municipios,hombres,extranjera,De 85-89 años,,,689
2023,municipios,hombres,extranjera,De 90-94 años,,,243
2023,municipios,hombres,extranjera,De 95-99 años,,,51
2023,municipios,hombres,extranjera,Total,,,494298
2023,municipios,hombres,total,De 0-4 años,,,138087
2023,municipios,hombres,total,De 10-14 años,,,188839
2023,municipios,hombres,total,De 100 y más años,,,336
2023,municipios,hombres,total,De 15-19 años,,,187642
2023,municipios,hombres,total,De 20-24 años,,,187782
2023,municipios,hombres,total,De 25-29 años,,,200394
2023,municipios,hombres,total,De 30-34 años,,,213674
2023,municipios,hombres,total,De 35-39 años,,,226812
2023,municipios,hombres,total,De 40-44 años,,,266917
2023,municipios,hombres,total,De 45-49 años,,,292811
2023,municipios,hombres,total,De 5-9 años,,,169663
2023,municipios,hombres,total,De 50-54 años,,,263521
2023,municipios,hombres,total,De 55-59 años,,,232992
2023,municipios,hombres,total,De 60-64 años,,,193295
2023,municipios,hombres,total,De 65-69 años,,,152313
2023,municipios,hombres,total,De 70-74 años,,,131216
2023,municipios,hombres,total,De 75-79 años,,,107701
2023,municipios,hombres,total,De 80-84 años,,,67139
2023,municipios,hombres,total,De 85-89 años,,,44290
2023,municipios,hombres,total,De 90-94 años,,,18923
2023,municipios,hombres,total,De 95-99 años,,,3850
2023,municipios,hombres,total,Total,,,3288197
2023,municipios,mujeres,espanola,De 0-4 años,,,110062
2023,municipios,mujeres,espanola,De 10-14 años,,,155934
2023,municipios,mujeres,espanola,De 100 y más años,,,1845
2023,municipios,mujeres,espanola,De 15-19 años,,,155999
2023,municipios,mujeres,espanola,De 20-24 años,,,143808
2023,municipios,mujeres,espanola,De 25-29 años,,,143742
2023,municipios,mujeres,espanola,De 30-34 años,,,153870
2023,municipios,mujeres,espanola,De 35-39 años,,,173665
2023,municipios,mujeres,espanola,De 40-44 años,,,220806
2023,municipios,mujeres,espanola,De 45-49 años,,,257047
2023,municipios,mujeres,espanola,De 5-9 años,,,137653
2023,municipios,mujeres,espanola,De 50-54 años,,,241784
2023,municipios,mujeres,espanola,De 55-59 años,,,229115
2023,municipios,mujeres,espanola,De 60-64 años,,,202204
2023,municipios,mujeres,espanola,De 65-69 años,,,174127
2023,municipios,mujeres,espanola,De 70-74 años,,,158940
2023,municipios,mujeres,espanola,De 75-79 años,,,140808
2023,municipios,mujeres,espanola,De 80-84 años,,,96963
2023,municipios,mujeres,espanola,De 85-89 años,,,80556
2023,municipios,mujeres,espanola,De 90-94 años,,,44112
2023,municipios,mujeres,espanola,De 95-99 años,,,13075
2023,municipios,mujeres,espanola,Total,,,3036115
2023,municipios,mujeres,extranjera,De 0-4 años,,,20971
2023,municipios,mujeres,extranjera,De 10-14 años,,,22826
2023,municipios,mujeres,extranjera,De 100 y más años,,,30
2023,municipios,mujeres,extranjera,De 15-19 años,,,23337
2023,municipios,mujeres,extranjera,De 20-24 años,,,40984
2023,municipios,mujeres,extranjera,De 25-29 años,,,63419
2023,municipios,mujeres,extranjera,De 30-34 años,,,67845
2023,municipios,mujeres,extranjera,De 35-39 años,,,64446
2023,municipios,mujeres,extranjera,De 40-44 años,,,58552
2023,municipios,mujeres,extranjera,De 45-49 años,,,47269
2023,municipios,mujeres,extranjera,De 5-9 años,,,23244
2023,municipios,mujeres,extranjera,De 50-54 años,,,37572
2023,municipios,mujeres,extranjera,De 55-59 años,,,27457
2023,municipios,mujeres,extranjera,De 60-64 años,,,19325
2023,municipios,mujeres,extranjera,De 65-69 años,,,12936
2023,municipios,mujeres,extranjera,De 70-74 años,,,8173
2023,municipios,mujeres,extranjera,De 75-79 años,,,4576
2023,municipios,mujeres,extranjera,De 80-84 años,,,2653
2023,municipios,mujeres,extranjera,De 85-89 años,,,1308
2023,municipios,mujeres,extranjera,De 90-94 años,,,539
2023,municipios,mujeres,extranjera,De 95-99 años,,,129
2023,municipios,mujeres,extranjera,Total,,,547591
2023,municipios,mujeres,total,De 0-4 años,,,131033
2023,municipios,mujeres,total,De 10-14 años,,,178760
2023,municipios,mujeres,total,De 100 y más años,,,1875
2023,municipios,mujeres,total,De 15-19 años,,,179336
2023,municipios,mujeres,total,De 20-24 años,,,184792
2023,municipios,mujeres,total,De 25-29 años,,,207161
2023,municipios,mujeres,total,De 30-34 años,,,221715
2023,municipios,mujeres,total,De 35-39 años,,,238111
2023,municipios,mujeres,total,De 40-44 años,,,279358
2023,municipios,mujeres,total,De 45-49 años,,,304316
2023,municipios,mujeres,total,De 5-9 años,,,160897
2023,municipios,mujeres,total,De 50-54 años,,,279356
2023,municipios,mujeres,total,De 55-59 años,,,256572
2023,municipios,mujeres,total,De 60-64 años,,,221529
2023,municipios,mujeres,total,De 65-69 años,,,187063
2023,municipios,mujeres,total,De 70-74 años,,,167113
2023,municipios,mujeres,total,De 75-79 años,,,145384
2023,municipios,mujeres,total,De 80-84 años,,,99616
2023,municipios,mujeres,total,De 85-89 años,,,81864
2023,municipios,mujeres,total,De 90-94 años,,,44651
2023,municipios,mujeres,total,De 95-99 años,,,13204
2023,municipios,mujeres,total,Total,,,3583706
2023,municipios,total,espanola,De 0-4 años,,,226330
2023,municipios,total,espanola,De 10-14 años,,,320742
2023,municipios,total,espanola,De 100 y más años,,,2175
2023,municipios,total,espanola,De 15-19 años,,,319593
2023,municipios,total,espanola,De 20-24 años,,,293494
2023,municipios,total,espanola,De 25-29 años,,,289974
2023,municipios,total,espanola,De 30-34 años,,,308534
2023,municipios,total,espanola,De 35-39 años,,,344463
2023,municipios,total,espanola,De 40-44 años,,,432736
2023,municipios,total,espanola,De 45-49 años,,,504125
2023,municipios,total,espanola,De 5-9 años,,,282943
2023,municipios,total,espanola,De 50-54 años,,,470596
2023,municipios,total,espanola,De 55-59 años,,,439140
2023,municipios,total,espanola,De 60-64 años,,,380470
2023,municipios,total,espanola,De 65-69 años,,,317541
2023,municipios,total,espanola,De 70-74 años,,,284926
2023,municipios,total,espanola,De 75-79 años,,,245854
2023,municipios,total,espanola,De 80-84 años,,,162555
2023,municipios,total,espanola,De 85-89 años,,,124157
2023,municipios,total,espanola,De 90-94 años,,,62792
2023,municipios,total,espanola,De 95-99 años,,,16874
2023,municipios,total,espanola,Total,,,5830014
2023,municipios,total,extranjera,De 0-4 años,,,42790
2023,municipios,total,extranjera,De 10-14 años,,,46857
2023,municipios,total,extranjera,De 100 y más años,,,36
2023,municipios,total,extranjera,De 15-19 años,,,47385
2023,municipios,total,extranjera,De 20-24 años,,,79080
2023,municipios,total,extranjera,De 25-29 años,,,117581
2023,municipios,total,extranjera,De 30-34 años,,,126855
2023,municipios,total,extranjera,De 35-39 años,,,120460
2023,municipios,total,extranjera,De 40-44 años,,,113539
2023,municipios,total,extranjera,De 45-49 años,,,93002
2023,municipios,total,extranjera,De 5-9 años,,,47617
2023,municipios,total,extranjera,De 50-54 años,,,72281
2023,municipios,total,extranjera,De 55-59 años,,,50424
2023,municipios,total,extranjera,De 60-64 años,,,34354
2023,municipios,total,extranjera,De 65-69 años,,,21835
2023,municipios,total,extranjera,De 70-74 años,,,13403
2023,municipios,total,extranjera,De 75-79 años,,,7231
2023,municipios,total,extranjera,De 80-84 años,,,4200
2023,municipios,total,extranjera,De 85-89 años,,,1997
2023,municipios,total,extranjera,De 90-94 años,,,782
2023,municipios,total,extranjera,De 95-99 años,,,180
2023,municipios,total,extranjera,Total,,,1041889
2023,municipios,total,total,De 0-4 años,,,269120
2023,municipios,total,total,De 10-14 años,,,367599
2023,municipios,total,total,De 100 y más años,,,2211
2023,municipios,total,total,De 15-19 años,,,366978
2023,municipios,total,total,De 20-24 años,,,372574
2023,municipios,total,total,De 25-29 años,,,407555
2023,municipios,total,total,De 30-34 años,,,435389
2023,municipios,total,total,De 35-39 años,,,464923
2023,municipios,total,total,De 40-44 años,,,546275
2023,municipios,total,total,De 45-49 años,,,597127
2023,municipios,total,total,De 5-9 años,,,330560
2023,municipios,total,total,De 50-54 años,,,542877
2023,municipios,total,total,De 55-59 años,,,489564
2023,municipios,total,total,De 60-64 años,,,414824
2023,municipios,total,total,De 65-69 años,,,339376
2023,municipios,total,total,De 70-74 años,,,298329
2023,municipios,total,total,De 75-79 años,,,253085
2023,municipios,total,total,De 80-84 años,,,166755
2023,municipios,total,total,De 85-89 años,,,126154
2023,municipios,total,total,De 90-94 años,,,63574
2023,municipios,total,total,De 95-99 años,,,17054
2023,municipios,total,total,Total,,,6871903
2023,zonas estadisticas,hombres,espanola,De 0-4 años,,,116268
2023,zonas estadisticas,hombres,espanola,De 10-14 años,,,164808
2023,zonas estadisticas,hombres,espanola,De 100 y más años,,,330
2023,zonas estadisticas,hombres,espanola,De 15-19 años,,,163594
2023,zonas estadisticas,hombres,espanola,De 20-24 años,,,149686
2023,zonas estadisticas,hombres,espanola,De 25-29 años,,,146232
2023,zonas estadisticas,hombres,espanola,De 30-34 años,,,154664
2023,zonas estadisticas,hombres,espanola,De 35-39 años,,,170798
2023,zonas estadisticas,hombres,espanola,De 40-44 años,,,211930
2023,zonas estadisticas,hombres,espanola,De 45-49 años,,,247078
2023,zonas estadisticas,hombres,espanola,De 5-9 años,,,145290
2023,zonas estadisticas,hombres,espanola,De 50-54 años,,,228812
2023,zonas estadisticas,hombres,espanola,De 55-59 años,,,210025
2023,zonas estadisticas,hombres,espanola,De 60-64 años,,,178266
2023,zonas estadisticas,hombres,espanola,De 65-69 años,,,143414
2023,zonas estadisticas,hombres,espanola,De 70-74 años,,,125986
2023,zonas estadisticas,hombres,espanola,De 75-79 años,,,105046
2023,zonas estadisticas,hombres,espanola,De 80-84 años,,,65592
2023,zonas estadisticas,hombres,espanola,De 85-89 años,,,43601
2023,zonas estadisticas,hombres,espanola,De 90-94 años,,,18680
2023,zonas estadisticas,hombres,espanola,De 95-99 años,,,3799
2023,zonas estadisticas,hombres,espanola,Total,,,2793899
2023,zonas estadisticas,hombres,extranjera,De 0-4 años,,,21819
2023,zonas estadisticas,hombres,extranjera,De 10-14 años,,,24031
2023,zonas estadisticas,hombres,extranjera,De 100 y más años,,,6
2023,zonas estadisticas,hombres,extranjera,De 15-19 años,,,24048
2023,zonas estadisticas,hombres,extranjera,De 20-24 años,,,38096
2023,zonas estadisticas,hombres,extranjera,De 25-29 años,,,54162
2023,zonas estadisticas,hombres,extranjera,De 30-34 años,,,59010
2023,zonas estadisticas,hombres,extranjera,De 35-39 años,,,56014
2023,zonas estadisticas,hombres,extranjera,De 40-44 años,,,54987
2023,zonas estadisticas,hombres,extranjera,De 45-49 años,,,45733
2023,zonas estadisticas,hombres,extranjera,De 5-9 años,,,24373
2023,zonas estadisticas,hombres,extranjera,De 50-54 años,,,34709
2023,zonas estadisticas,hombres,extranjera,De 55-59 años,,,22967
2023,zonas estadisticas,hombres,extranjera,De 60-64 años,,,15029
2023,zonas estadisticas,hombres,extranjera,De 65-69 años,,,8899
2023,zonas estadisticas,hombres,extranjera,De 70-74 años,,,5230
2023,zonas estadisticas,hombres,extranjera,De 75-79 años,,,2655
2023,zonas estadisticas,hombres,extranjera,De 80-84 años,,,1547
2023,zonas estadisticas,hombres,extranjera,De 85-89 años,,,689
2023,zonas estadisticas,hombres,extranjera,De 90-94 años,,,243
2023,zonas estadisticas,hombres,extranjera,De 95-99 años,,,51
2023,zonas estadisticas,hombres,extranjera,Total,,,494298
2023,zonas estadisticas,hombres,total,De 0-4 años,,,138087
2023,zonas estadisticas,hombres,total,De 10-14 años,,,188839
2023,zonas estadisticas,hombres,total,De 100 y más años,,,336
2023,zonas estadisticas,hombres,total,De 15-19 años,,,187642
2023,zonas estadisticas,hombres,total,De 20-24 años,,,187782
2023,zonas estadisticas,hombres,total,De 25-29 años,,,200394
2023,zonas estadisticas,hombres,total,De 30-34 años,,,213674
2023,zonas estadisticas,hombres,total,De 35-39 años,,,226812
2023,zonas estadisticas,hombres,total,De 40-44 años,,,266917
2023,zonas estadisticas,hombres,total,De 45-49 años,,,292811
2023,zonas estadisticas,hombres,total,De 5-9 años,,,169663
2023,zonas estadisticas,hombres,total,De 50-54 años,,,263521
2023,zonas estadisticas,hombres,total,De 55-59 años,,,232992
2023,zonas estadisticas,hombres,total,De 60-64 años,,,193295
2023,zonas estadisticas,hombres,total,De 65-69 años,,,152313
2023,zonas estadisticas,hombres,total,De 70-74 años,,,131216
2023,zonas estadisticas,hombres,total,De 75-79 años,,,107701
2023,zonas estadisticas,hombres,total,De 80-84 años,,,67139
2023,zonas estadisticas,hombres,total,De 85-89 años,,,44290
2023,zonas estadisticas,hombres,total,De 90-94 años,,,18923
2023,zonas estadisticas,hombres,total,De 95-99 años,,,3850
2023,zonas estadisticas,hombres,total,Total,,,3288197
2023,zonas estadisticas,mujeres,espanola,De 0-4 años,,,110062
2023,zonas estadisticas,mujeres,espanola,De 10-14 años,,,155934
2023,zonas estadisticas,mujeres,espanola,De 100 y más años,,,1845
2023,zonas estadisticas,mujeres,espanola,De 15-19 años,,,155999
2023,zonas estadisticas,mujeres,espanola,De 20-24 años,,,143808
2023,zonas estadisticas,mujeres,espanola,De 25-29 años,,,143742
2023,zonas estadisticas,mujeres,espanola,De 30-34 años,,,153870
2023,zonas estadisticas,mujeres,espanola,De 35-39 años,,,173665
2023,zonas estadisticas,mujeres,espanola,De 40-44 años,,,220806
2023,zonas estadisticas,mujeres,espanola,De 45-49 años,,,257047
2023,zonas estadisticas,mujeres,espanola,De 5-9 años,,,137653
2023,zonas estadisticas,mujeres,espanola,De 50-54 años,,,241784
2023,zonas estadisticas,mujeres,espanola,De 55-59 años,,,229115
2023,zonas estadisticas,mujeres,espanola,De 60-64 años,,,202204
2023,zonas estadisticas,mujeres,espanola,De 65-69 años,,,174127
2023,zonas estadisticas,mujeres,espanola,De 70-74 años,,,158940
2023,zonas estadisticas,mujeres,espanola,De 75-79 años,,,140808
2023,zonas estadisticas,mujeres,espanola,De 80-84 años,,,96963
2023,zonas estadisticas,mujeres,espanola,De 85-89 años,,,80556
2023,zonas estadisticas,mujeres,espanola,De 90-94 años,,,44112
2023,zonas estadisticas,mujeres,espanola,De 95-99 años,,,13075
2023,zonas estadisticas,mujeres,espanola,Total,,,3036115
2023,zonas estadisticas,mujeres,extranjera,De 0-4 años,,,20971
2023,zonas estadisticas,mujeres,extranjera,De 10-14 años,,,22826
2023,zonas estadisticas,mujeres,extranjera,De 100 y más años,,,30
2023,zonas estadisticas,mujeres,extranjera,De 15-19 años,,,23337
2023,zonas estadisticas,mujeres,extranjera,De 20-24 años,,,40984
2023,zonas estadisticas,mujeres,extranjera,De 25-29 años,,,63419
2023,zonas estadisticas,mujeres,extranjera,De 30-34 años,,,67845
2023,zonas estadisticas,mujeres,extranjera,De 35-39 años,,,64446
2023,zonas estadisticas,mujeres,extranjera,De 40-44 años,,,58552
2023,zonas estadisticas,mujeres,extranjera,De 45-49 años,,,47269
2023,zonas estadisticas,mujeres,extranjera,De 5-9 años,,,23244
2023,zonas estadisticas,mujeres,extranjera,De 50-54 años,,,37572
2023,zonas estadisticas,mujeres,extranjera,De 55-59 años,,,27457
2023,zonas estadisticas,mujeres,extranjera,De 60-64 años,,,19325
2023,zonas estadisticas,mujeres,extranjera,De 65-69 años,,,12936
2023,zonas estadisticas,mujeres,extranjera,De 70-74 años,,,8173
2023,zonas estadisticas,mujeres,extranjera,De 75-79 años,,,4576
2023,zonas estadisticas,mujeres,extranjera,De 80-84 años,,,2653
2023,zonas estadisticas,mujeres,extranjera,De 85-89 años,,,1308
2023,zonas estadisticas,mujeres,extranjera,De 90-94 años,,,539
2023,zonas estadisticas,mujeres,extranjera,De 95-99 años,,,129
2023,zonas estadisticas,mujeres,extranjera,Total,,,547591
2023,zonas estadisticas,mujeres,total,De 0-4 años,,,131033
2023,zonas estadisticas,mujeres,total,De 10-14 años,,,178760
2023,zonas estadisticas,mujeres,total,De 100 y más años,,,1875
2023,zonas estadisticas,mujeres,total,De 15-19 años,,,179336
2023,zonas estadisticas,mujeres,total,De 20-24 años,,,184792
2023,zonas estadisticas,mujeres,total,De 25-29 años,,,207161
2023,zonas estadisticas,mujeres,total,De 30-34 años,,,221715
2023,zonas estadisticas,mujeres,total,De 35-39 años,,,238111
2023,zonas estadisticas,mujeres,total,De 40-44 años,,,279358
2023,zonas estadisticas,mujeres,total,De 45-49 años,,,304316
2023,zonas estadisticas,mujeres,total,De 5-9 años,,,160897
2023,zonas estadisticas,mujeres,total,De 50-54 años,,,279356
2023,zonas estadisticas,mujeres,total,De 55-59 años,,,256572
2023,zonas estadisticas,mujeres,total,De 60-64 años,,,221529
2023,zonas estadisticas,mujeres,total,De 65-69 años,,,187063
2023,zonas estadisticas,mujeres,total,De 70-74 años,,,167113
2023,zonas estadisticas,mujeres,total,De 75-79 años,,,145384
2023,zonas estadisticas,mujeres,total,De 80-84 años,,,99616
2023,zonas estadisticas,mujeres,total,De 85-89 años,,,81864
2023,zonas estadisticas,mujeres,total,De 90-94 años,,,44651
2023,zonas estadisticas,mujeres,total,De 95-99 años,,,13204
2023,zonas estadisticas,mujeres,total,Total,,,3583706
2023,zonas estadisticas,total,espanola,De 0-4 años,,,226330
2023,zonas estadisticas,total,espanola,De 10-14 años,,,320742
2023,zonas estadisticas,total,espanola,De 100 y más años,,,2175
2023,zonas estadisticas,total,espanola,De 15-19 años,,,319593
2023,zonas estadisticas,total,espanola,De 20-24 años,,,293494
2023,zonas estadisticas,total,espanola,De 25-29 años,,,289974
2023,zonas estadisticas,total,espanola,De 30-34 años,,,308534
2023,zonas estadisticas,total,espanola,De 35-39 años,,,344463
2023,zonas estadisticas,total,espanola,De 40-44 años,,,432736
2023,zonas estadisticas,total,espanola,De 45-49 años,,,504125
2023,zonas estadisticas,total,espanola,De 5-9 años,,,282943
2023,zonas estadisticas,total,espanola,De 50-54 años,,,470596
2023,zonas estadisticas,total,espanola,De 55-59 años,,,439140
2023,zonas estadisticas,total,espanola,De 60-64 años,,,380470
2023,zonas estadisticas,total,espanola,De 65-69 años,,,317541
2023,zonas estadisticas,total,espanola,De 70-74 años,,,284926
2023,zonas estadisticas,total,espanola,De 75-79 años,,,245854
2023,zonas estadisticas,total,espanola,De 80-84 años,,,162555
2023,zonas estadisticas,total,espanola,De 85-89 años,,,124157
2023,zonas estadisticas,total,espanola,De 90-94 años,,,62792
2023,zonas estadisticas,total,espanola,De 95-99 años,,,16874
2023,zonas estadisticas,total,espanola,Total,,,5830014
2023,zonas estadisticas,total,extranjera,De 0-4 años,,,42790
2023,zonas estadisticas,total,extranjera,De 10-14 años,,,46857
2023,zonas estadisticas,total,extranjera,De 100 y más años,,,36
2023,zonas estadisticas,total,extranjera,De 15-19 años,,,47385
2023,zonas estadisticas,total,extranjera,De 20-24 años,,,79080
2023,zonas estadisticas,total,extranjera,De 25-29 años,,,117581
2023,zonas estadisticas,total,extranjera,De 30-34 años,,,126855
2023,zonas estadisticas,total,extranjera,De 35-39 años,,,120460
2023,zonas estadisticas,total,extranjera,De 40-44 años,,,113539
2023,zonas estadisticas,total,extranjera,De 45-49 años,,,93002
2023,zonas estadisticas,total,extranjera,De 5-9 años,,,47617
2023,zonas estadisticas,total,extranjera,De 50-54 años,,,72281
2023,zonas estadisticas,total,extranjera,De 55-59 años,,,50424
2023,zonas estadisticas,total,extranjera,De 60-64 años,,,34354
2023,zonas estadisticas,total,extranjera,De 65-69 años,,,21835
2023,zonas estadisticas,total,extranjera,De 70-74 años,,,13403
2023,zonas estadisticas,total,extranjera,De 75-79 años,,,7231
2023,zonas estadisticas,total,extranjera,De 80-84 años,,,4200
2023,zonas estadisticas,total,extranjera,De 85-89 años,,,1997
2023,zonas estadisticas,total,extranjera,De 90-94 años,,,782
2023,zonas estadisticas,total,extranjera,De 95-99 años,,,180
2023,zonas estadisticas,total,extranjera,Total,,,1041889
2023,zonas estadisticas,total,total,De 0-4 años,,,269120
2023,zonas estadisticas,total,total,De 10-14 años,,,367599
2023,zonas estadisticas,total,total,De 100 y más años,,,2211
2023,zonas estadisticas,total,total,De 15-19 años,,,366978
2023,zonas estadisticas,total,total,De 20-24 años,,,372574
2023,zonas estadisticas,total,total,De 25-29 años,,,407555
2023,zonas estadisticas,total,total,De 30-34 años,,,435389
2023,zonas estadisticas,total,total,De 35-39 años,,,464923
2023,zonas estadisticas,total,total,De 40-44 años,,,546275
2023,zonas estadisticas,total,total,De 45-49 años,,,597127
2023,zonas estadisticas,total,total,De 5-9 años,,,330560
2023,zonas estadisticas,total,total,De 50-54 años,,,542877
2023,zonas estadisticas,total,total,De 55-59 años,,,489564
2023,zonas estadisticas,total,total,De 60-64 años,,,414824
2023,zonas estadisticas,total,total,De 65-69 años,,,339376
2023,zonas estadisticas,total,total,De 70-74 años,,,298329
2023,zonas estadisticas,total,total,De 75-79 años,,,253085
2023,zonas estadisticas,total,total,De 80-84 años,,,166755
2023,zonas estadisticas,total,total,De 85-89 años,,,126154
2023,zonas estadisticas,total,total,De 90-94 años,,,63574
2023,zonas estadisticas,total,total,De 95-99 años,,,17054
2023,zonas estadisticas,total,total,Total,,,6871903
2024,comunidad de madrid,hombres,espanola,De 0-4 años,,,114070
2024,comunidad de madrid,hombres,espanola,De 10-14 años,,,161049
2024,comunidad de madrid,hombres,espanola,De 100 y más años,,,404
2024,comunidad de madrid,hombres,espanola,De 15-19 años,,,167743
2024,comunidad de madrid,hombres,espanola,De 20-24 años,,,156009
2024,comunidad de madrid,hombres,espanola,De 25-29 años,,,149201
2024,comunidad de madrid,hombres,espanola,De 30-34 años,,,158062
2024,comunidad de madrid,hombres,espanola,De 35-39 años,,,168327
2024,comunidad de madrid,hombres,espanola,De 40-44 años,,,203880
2024,comunidad de madrid,hombres,espanola,De 45-49 años,,,246613
2024,comunidad de madrid,hombres,espanola,De 5-9 años,,,142391
2024,comunidad de madrid,hombres,espanola,De 50-54 años,,,234362
2024,comunidad de madrid,hombres,espanola,De 55-59 años,,,213886
2024,comunidad de madrid,hombres,espanola,De 60-64 años,,,183664
2024,comunidad de madrid,hombres,espanola,De 65-69 años,,,148325
2024,comunidad de madrid,hombres,espanola,De 70-74 años,,,124903
2024,comunidad de madrid,hombres,espanola,De 75-79 años,,,108797
2024,comunidad de madrid,hombres,espanola,De 80-84 años,,,71200
2024,comunidad de madrid,hombres,espanola,De 85-89 años,,,43193
2024,comunidad de madrid,hombres,espanola,De 90-94 años,,,20037
2024,comunidad de madrid,hombres,espanola,De 95-99 años,,,4166
2024,comunidad de madrid,hombres,espanola,Total,,,2820282
2024,comunidad de madrid,hombres,extranjera,De 0-4 años,,,21357
2024,comunidad de madrid,hombres,extranjera,De 10-14 años,,,26394
2024,comunidad de madrid,hombres,extranjera,De 100 y más años,,,6
2024,comunidad de madrid,hombres,extranjera,De 15-19 años,,,27362
2024,comunidad de madrid,hombres,extranjera,De 20-24 años,,,42806
2024,comunidad de madrid,hombres,extranjera,De 25-29 años,,,60201
2024,comunidad de madrid,hombres,extranjera,De 30-34 años,,,64344
2024,comunidad de madrid,hombres,extranjera,De 35-39 años,,,60164
2024,comunidad de madrid,hombres,extranjera,De 40-44 años,,,57303
2024,comunidad de madrid,hombres,extranjera,De 45-49 años,,,49191
2024,comunidad de madrid,hombres,extranjera,De 5-9 años,,,25193
2024,comunidad de madrid,hombres,extranjera,De 50-54 años,,,37007
2024,comunidad de madrid,hombres,extranjera,De 55-59 años,,,25929
2024,comunidad de madrid,hombres,extranjera,De 60-64 años,,,16566
2024,comunidad de madrid,hombres,extranjera,De 65-69 años,,,10406
2024,comunidad de madrid,hombres,extranjera,De 70-74 años,,,5801
2024,comunidad de madrid,hombres,extranjera,De 75-79 años,,,3020
2024,comunidad de madrid,hombres,extranjera,De 80-84 años,,,1721
2024,comunidad de madrid,hombres,extranjera,De 85-89 años,,,793
2024,comunidad de madrid,hombres,extranjera,De 90-94 años,,,254
2024,comunidad de madrid,hombres,extranjera,De 95-99 años,,,63
2024,comunidad de madrid,hombres,extranjera,Total,,,535881
2024,comunidad de madrid,hombres,total,De 0-4 años,,,135427
2024,comunidad de madrid,hombres,total,De 10-14 años,,,187443
2024,comunidad de madrid,hombres,total,De 100 y más años,,,410
2024,comunidad de madrid,hombres,total,De 15-19 años,,,195105
2024,comunidad de madrid,hombres,total,De 20-24 años,,,198815
2024,comunidad de madrid,hombres,total,De 25-29 años,,,209402
2024,comunidad de madrid,hombres,total,De 30-34 años,,,222406
2024,comunidad de madrid,hombres,total,De 35-39 años,,,228491
2024,comunidad de madrid,hombres,total,De 40-44 años,,,261183
2024,comunidad de madrid,hombres,total,De 45-49 años,,,295804
2024,comunidad de madrid,hombres,total,De 5-9 años,,,167584
2024,comunidad de madrid,hombres,total,De 50-54 años,,,271369
2024,comunidad de madrid,hombres,total,De 55-59 años,,,239815
2024,comunidad de madrid,hombres,total,De 60-64 años,,,200230
2024,comunidad de madrid,hombres,total,De 65-69 años,,,158731
2024,comunidad de madrid,hombres,total,De 70-74 años,,,130704
2024,comunidad de madrid,hombres,total,De 75-79 años,,,111817
2024,comunidad de madrid,hombres,total,De 80-84 años,,,72921
2024,comunidad de madrid,hombres,total,De 85-89 años,,,43986
2024,comunidad de madrid,hombres,total,De 90-94 años,,,20291
2024,comunidad de madrid,hombres,total,De 95-99 años,,,4229
2024,comunidad de madrid,hombres,total,Total,,,3356163
2024,comunidad de madrid,mujeres,espanola,De 0-4 años,,,107773
2024,comunidad de madrid,mujeres,espanola,De 10-14 años,,,152517
2024,comunidad de madrid,mujeres,espanola,De 100 y más años,,,2034
2024,comunidad de madrid,mujeres,espanola,De 15-19 años,,,159456
2024,comunidad de madrid,mujeres,espanola,De 20-24 años,,,150491
2024,comunidad de madrid,mujeres,espanola,De 25-29 años,,,147033
2024,comunidad de madrid,mujeres,espanola,De 30-34 años,,,157716
2024,comunidad de madrid,mujeres,espanola,De 35-39 años,,,171362
2024,comunidad de madrid,mujeres,espanola,De 40-44 años,,,212318
2024,comunidad de madrid,mujeres,espanola,De 45-49 años,,,257443
2024,comunidad de madrid,mujeres,espanola,De 5-9 años,,,134903
2024,comunidad de madrid,mujeres,espanola,De 50-54 años,,,246961
2024,comunidad de madrid,mujeres,espanola,De 55-59 años,,,232645
2024,comunidad de madrid,mujeres,espanola,De 60-64 años,,,207400
2024,comunidad de madrid,mujeres,espanola,De 65-69 años,,,179066
2024,comunidad de madrid,mujeres,espanola,De 70-74 años,,,157365
2024,comunidad de madrid,mujeres,espanola,De 75-79 años,,,145724
2024,comunidad de madrid,mujeres,espanola,De 80-84 años,,,104031
2024,comunidad de madrid,mujeres,espanola,De 85-89 años,,,78587
2024,comunidad de madrid,mujeres,espanola,De 90-94 años,,,46288
2024,comunidad de madrid,mujeres,espanola,De 95-99 años,,,14142
2024,comunidad de madrid,mujeres,espanola,Total,,,3065255
2024,comunidad de madrid,mujeres,extranjera,De 0-4 años,,,20489
2024,comunidad de madrid,mujeres,extranjera,De 10-14 años,,,25184
2024,comunidad de madrid,mujeres,extranjera,De 100 y más años,,,31
2024,comunidad de madrid,mujeres,extranjera,De 15-19 años,,,26531
2024,comunidad de madrid,mujeres,extranjera,De 20-24 años,,,45195
2024,comunidad de madrid,mujeres,extranjera,De 25-29 años,,,68180
2024,comunidad de madrid,mujeres,extranjera,De 30-34 años,,,71388
2024,comunidad de madrid,mujeres,extranjera,De 35-39 años,,,67673
2024,comunidad de madrid,mujeres,extranjera,De 40-44 años,,,61470
2024,comunidad de madrid,mujeres,extranjera,De 45-49 años,,,51092
2024,comunidad de madrid,mujeres,extranjera,De 5-9 años,,,24250
2024,comunidad de madrid,mujeres,extranjera,De 50-54 años,,,40055
2024,comunidad de madrid,mujeres,extranjera,De 55-59 años,,,30429
2024,comunidad de madrid,mujeres,extranjera,De 60-64 años,,,21241
2024,comunidad de madrid,mujeres,extranjera,De 65-69 años,,,14794
2024,comunidad de madrid,mujeres,extranjera,De 70-74 años,,,9313
2024,comunidad de madrid,mujeres,extranjera,De 75-79 años,,,5254
2024,comunidad de madrid,mujeres,extranjera,De 80-84 años,,,3024
2024,comunidad de madrid,mujeres,extranjera,De 85-89 años,,,1511
2024,comunidad de madrid,mujeres,extranjera,De 90-94 años,,,584
2024,comunidad de madrid,mujeres,extranjera,De 95-99 años,,,162
2024,comunidad de madrid,mujeres,extranjera,Total,,,587850
2024,comunidad de madrid,mujeres,total,De 0-4 años,,,128262
2024,comunidad de madrid,mujeres,total,De 10-14 años,,,177701
2024,comunidad de madrid,mujeres,total,De 100 y más años,,,2065
2024,comunidad de madrid,mujeres,total,De 15-19 años,,,185987
2024,comunidad de madrid,mujeres,total,De 20-24 años,,,195686
2024,comunidad de madrid,mujeres,total,De 25-29 años,,,215213
2024,comunidad de madrid,mujeres,total,De 30-34 años,,,229104
2024,comunidad de madrid,mujeres,total,De 35-39 años,,,239035
2024,comunidad de madrid,mujeres,total,De 40-44 años,,,273788
2024,comunidad de madrid,mujeres,total,De 45-49 años,,,308535
2024,comunidad de madrid,mujeres,total,De 5-9 años,,,159153
2024,comunidad de madrid,mujeres,total,De 50-54 años,,,287016
2024,comunidad de madrid,mujeres,total,De 55-59 años,,,263074
2024,comunidad de madrid,mujeres,total,De 60-64 años,,,228641
2024,comunidad de madrid,mujeres,total,De 65-69 años,,,193860
2024,comunidad de madrid,mujeres,total,De 70-74 años,,,166678
2024,comunidad de madrid,mujeres,total,De 75-79 años,,,150978
2024,comunidad de madrid,mujeres,total,De 80-84 años,,,107055
2024,comunidad de madrid,mujeres,total,De 85-89 años,,,80098
2024,comunidad de madrid,mujeres,total,De 90-94 años,,,46872
2024,comunidad de madrid,mujeres,total,De 95-99 años,,,14304
2024,comunidad de madrid,mujeres,total,Total,,,3653105
2024,comunidad de madrid,total,espanola,De 0-4 años,,,221843
2024,comunidad de madrid,total,espanola,De 10-14 años,,,313566
2024,comunidad de madrid,total,espanola,De 100 y más años,,,2438
2024,comunidad de madrid,total,espanola,De 15-19 años,,,327199
2024,comunidad de madrid,total,espanola,De 20-24 años,,,306500
2024,comunidad de madrid,total,espanola,De 25-29 años,,,296234
2024,comunidad de madrid,total,espanola,De 30-34 años,,,315778
2024,comunidad de madrid,total,espanola,De 35-39 años,,,339689
2024,comunidad de madrid,total,espanola,De 40-44 años,,,416198
2024,comunidad de madrid,total,espanola,De 45-49 años,,,504056
2024,comunidad de madrid,total,espanola,De 5-9 años,,,277294
2024,comunidad de madrid,total,espanola,De 50-54 años,,,481323
2024,comunidad de madrid,total,espanola,De 55-59 años,,,446531
2024,comunidad de madrid,total,espanola,De 60-64 años,,,391064
2024,comunidad de madrid,total,espanola,De 65-69 años,,,327391
2024,comunidad de madrid,total,espanola,De 70-74 años,,,282268
2024,comunidad de madrid,total,espanola,De 75-79 años,,,254521
2024,comunidad de madrid,total,espanola,De 80-84 años,,,175231
2024,comunidad de madrid,total,espanola,De 85-89 años,,,121780
2024,comunidad de madrid,total,espanola,De 90-94 años,,,66325
2024,comunidad de madrid,total,espanola,De 95-99 años,,,18308
2024,comunidad de madrid,total,espanola,Total,,,5885537
2024,comunidad de madrid,total,extranjera,De 0-4 años,,,41846
2024,comunidad de madrid,total,extranjera,De 10-14 años,,,51578
2024,comunidad de madrid,total,extranjera,De 100 y más años,,,37
2024,comunidad de madrid,total,extranjera,De 15-19 años,,,53893
2024,comunidad de madrid,total,extranjera,De 20-24 años,,,88001
2024,comunidad de madrid,total,extranjera,De 25-29 años,,,128381
2024,comunidad de madrid,total,extranjera,De 30-34 años,,,135732
2024,comunidad de madrid,total,extranjera,De 35-39 años,,,127837
2024,comunidad de madrid,total,extranjera,De 40-44 años,,,118773
2024,comunidad de madrid,total,extranjera,De 45-49 años,,,100283
2024,comunidad de madrid,total,extranjera,De 5-9 años,,,49443
2024,comunidad de madrid,total,extranjera,De 50-54 años,,,77062
2024,comunidad de madrid,total,extranjera,De 55-59 años,,,56358
2024,comunidad de madrid,total,extranjera,De 60-64 años,,,37807
2024,comunidad de madrid,total,extranjera,De 65-69 años,,,25200
2024,comunidad de madrid,total,extranjera,De 70-74 años,,,15114
2024,comunidad de madrid,total,extranjera,De 75-79 años,,,8274
2024,comunidad de madrid,total,extranjera,De 80-84 años,,,4745
2024,comunidad de madrid,total,extranjera,De 85-89 años,,,2304
2024,comunidad de madrid,total,extranjera,De 90-94 años,,,838
2024,comunidad de madrid,total,extranjera,De 95-99 años,,,225
2024,comunidad de madrid,total,extranjera,Total,,,1123731
2024,comunidad de madrid,total,total,De 0-4 años,,,263689
2024,comunidad de madrid,total,total,De 10-14 años,,,365144
2024,comunidad de madrid,total,total,De 100 y más años,,,2475
2024,comunidad de madrid,total,total,De 15-19 años,,,381092
2024,comunidad de madrid,total,total,De 20-24 años,,,394501
2024,comunidad de madrid,total,total,De 25-29 años,,,424615
2024,comunidad de madrid,total,total,De 30-34 años,,,451510
2024,comunidad de madrid,total,total,De 35-39 años,,,467526
2024,comunidad de madrid,total,total,De 40-44 años,,,534971
2024,comunidad de madrid,total,total,De 45-49 años,,,604339
2024,comunidad de madrid,total,total,De 5-9 años,,,326737
2024,comunidad de madrid,total,total,De 50-54 años,,,558385
2024,comunidad de madrid,total,total,De 55-59 años,,,502889
2024,comunidad de madrid,total,total,De 60-64 años,,,428871
2024,comunidad de madrid,total,total,De 65-69 años,,,352591
2024,comunidad de madrid,total,total,De 70-74 años,,,297382
2024,comunidad de madrid,total,total,De 75-79 años,,,262795
2024,comunidad de madrid,total,total,De 80-84 años,,,179976
2024,comunidad de madrid,total,total,De 85-89 años,,,124084
2024,comunidad de madrid,total,total,De 90-94 años,,,67163
2024,comunidad de madrid,total,total,De 95-99 años,,,18533
2024,comunidad de madrid,total,total,Total,,,7009268
2024,municipios,hombres,espanola,De 0-4 años,,,114070
2024,municipios,hombres,espanola,De 10-14 años,,,161049
2024,municipios,hombres,espanola,De 100 y más años,,,404
2024,municipios,hombres,espanola,De 15-19 años,,,167743
2024,municipios,hombres,espanola,De 20-24 años,,,156009
2024,municipios,hombres,espanola,De 25-29 años,,,149201
2024,municipios,hombres,espanola,De 30-34 años,,,158062
2024,municipios,hombres,espanola,De 35-39 años,,,168327
2024,municipios,hombres,espanola,De 40-44 años,,,203880
2024,municipios,hombres,espanola,De 45-49 años,,,246613
2024,municipios,hombres,espanola,De 5-9 años,,,142391
2024,municipios,hombres,espanola,De 50-54 años,,,234362
2024,municipios,hombres,espanola,De 55-59 años,,,213886
2024,municipios,hombres,espanola,De 60-64 años,,,183664
2024,municipios,hombres,espanola,De 65-69 años,,,148325
2024,municipios,hombres,espanola,De 70-74 años,,,124903
2024,municipios,hombres,espanola,De 75-79 años,,,108797
2024,municipios,hombres,espanola,De 80-84 años,,,71200
2024,municipios,hombres,espanola,De 85-89 años,,,43193
2024,municipios,hombres,espanola,De 90-94 años,,,20037
2024,municipios,hombres,espanola,De 95-99 años,,,4166
2024,municipios,hombres,espanola,Total,,,2820282
2024,municipios,hombres,extranjera,De 0-4 años,,,21357
2024,municipios,hombres,extranjera,De 10-14 años,,,26394
2024,municipios,hombres,extranjera,De 100 y más años,,,6
2024,municipios,hombres,extranjera,De 15-19 años,,,27362
2024,municipios,hombres,extranjera,De 20-24 años,,,42806
2024,municipios,hombres,extranjera,De 25-29 años,,,60201
2024,municipios,hombres,extranjera,De 30-34 años,,,64344
2024,municipios,hombres,extranjera,De 35-39 años,,,60164
2024,municipios,hombres,extranjera,De 40-44 años,,,57303
2024,municipios,hombres,extranjera,De 45-49 años,,,49191
2024,municipios,hombres,extranjera,De 5-9 años,,,25193
2024,municipios,hombres,extranjera,De 50-54 años,,,37007
2024,municipios,hombres,extranjera,De 55-59 años,,,25929
2024,municipios,hombres,extranjera,De 60-64 años,,,16566
2024,municipios,hombres,extranjera,De 65-69 años,,,10406
2024,municipios,hombres,extranjera,De 70-74 años,,,5801
2024,municipios,hombres,extranjera,De 75-79 años,,,3020
2024,municipios,hombres,extranjera,De 80-84 años,,,1721
2024,municipios,hombres,extranjera,De 85-89 años,,,793
2024,municipios,hombres,extranjera,De 90-94 años,,,254
2024,municipios,hombres,extranjera,De 95-99 años,,,63
2024,municipios,hombres,extranjera,Total,,,535881
2024,municipios,hombres,total,De 0-4 años,,,135427
2024,municipios,hombres,total,De 10-14 años,,,187443
2024,municipios,hombres,total,De 100 y más años,,,410
2024,municipios,hombres,total,De 15-19 años,,,195105
2024,municipios,hombres,total,De 20-24 años,,,198815
2024,municipios,hombres,total,De 25-29 años,,,209402
2024,municipios,hombres,total,De 30-34 años,,,222406
2024,municipios,hombres,total,De 35-39 años,,,228491
2024,municipios,hombres,total,De 40-44 años,,,261183
2024,municipios,hombres,total,De 45-49 años,,,295804
2024,municipios,hombres,total,De 5-9 años,,,167584
2024,municipios,hombres,total,De 50-54 años,,,271369
2024,municipios,hombres,total,De 55-59 años,,,239815
2024,municipios,hombres,total,De 60-64 años,,,200230
2024,municipios,hombres,total,De 65-69 años,,,158731
2024,municipios,hombres,total,De 70-74 años,,,130704
2024,municipios,hombres,total,De 75-79 años,,,111817
2024,municipios,hombres,total,De 80-84 años,,,72921
2024,municipios,hombres,total,De 85-89 años,,,43986
2024,municipios,hombres,total,De 90-94 años,,,20291
2024,municipios,hombres,total,De 95-99 años,,,4229
2024,municipios,hombres,total,Total,,,3356163
2024,municipios,mujeres,espanola,De 0-4 años,,,107773
2024,municipios,mujeres,espanola,De 10-14 años,,,152517
2024,municipios,mujeres,espanola,De 100 y más años,,,2034
2024,municipios,mujeres,espanola,De 15-19 años,,,159456
2024,municipios,mujeres,espanola,De 20-24 años,,,150491
2024,municipios,mujeres,espanola,De 25-29 años,,,147033
2024,municipios,mujeres,espanola,De 30-34 años,,,157716
2024,municipios,mujeres,espanola,De 35-39 años,,,171362
2024,municipios,mujeres,espanola,De 40-44 años,,,212318
2024,municipios,mujeres,espanola,De 45-49 años,,,257443
2024,municipios,mujeres,espanola,De 5-9 años,,,134903
2024,municipios,mujeres,espanola,De 50-54 años,,,246961
2024,municipios,mujeres,espanola,De 55-59 años,,,232645
2024,municipios,mujeres,espanola,De 60-64 años,,,207400
2024,municipios,mujeres,espanola,De 65-69 años,,,179066
2024,municipios,mujeres,espanola,De 70-74 años,,,157365
2024,municipios,mujeres,espanola,De 75-79 años,,,145724
2024,municipios,mujeres,espanola,De 80-84 años,,,104031
2024,municipios,mujeres,espanola,De 85-89 años,,,78587
2024,municipios,mujeres,espanola,De 90-94 años,,,46288
2024,municipios,mujeres,espanola,De 95-99 años,,,14142
2024,municipios,mujeres,espanola,Total,,,3065255
2024,municipios,mujeres,extranjera,De 0-4 años,,,20489
2024,municipios,mujeres,extranjera,De 10-14 años,,,25184
2024,municipios,mujeres,extranjera,De 100 y más años,,,31
2024,municipios,mujeres,extranjera,De 15-19 años,,,26531
2024,municipios,mujeres,extranjera,De 20-24 años,,,45195
2024,municipios,mujeres,extranjera,De 25-29 años,,,68180
2024,municipios,mujeres,extranjera,De 30-34 años,,,71388
2024,municipios,mujeres,extranjera,De 35-39 años,,,67673
2024,municipios,mujeres,extranjera,De 40-44 años,,,61470
2024,municipios,mujeres,extranjera,De 45-49 años,,,51092
2024,municipios,mujeres,extranjera,De 5-9 años,,,24250
2024,municipios,mujeres,extranjera,De 50-54 años,,,40055
2024,municipios,mujeres,extranjera,De 55-59 años,,,30429
2024,municipios,mujeres,extranjera,De 60-64 años,,,21241
2024,municipios,mujeres,extranjera,De 65-69 años,,,14794
2024,municipios,mujeres,extranjera,De 70-74 años,,,9313
2024,municipios,mujeres,extranjera,De 75-79 años,,,5254
2024,municipios,mujeres,extranjera,De 80-84 años,,,3024
2024,municipios,mujeres,extranjera,De 85-89 años,,,1511
2024,municipios,mujeres,extranjera,De 90-94 años,,,584
2024,municipios,mujeres,extranjera,De 95-99 años,,,162
2024,municipios,mujeres,extranjera,Total,,,587850
2024,municipios,mujeres,total,De 0-4 años,,,128262
2024,municipios,mujeres,total,De 10-14 años,,,177701
2024,municipios,mujeres,total,De 100 y más años,,,2065
2024,municipios,mujeres,total,De 15-19 años,,,185987
2024,municipios,mujeres,total,De 20-24 años,,,195686
2024,municipios,mujeres,total,De 25-29 años,,,215213
2024,municipios,mujeres,total,De 30-34 años,,,229104
2024,municipios,mujeres,total,De 35-39 años,,,239035
2024,municipios,mujeres,total,De 40-44 años,,,273788
2024,municipios,mujeres,total,De 45-49 años,,,308535
2024,municipios,mujeres,total,De 5-9 años,,,159153
2024,municipios,mujeres,total,De 50-54 años,,,287016
2024,municipios,mujeres,total,De 55-59 años,,,263074
2024,municipios,mujeres,total,De 60-64 años,,,228641
2024,municipios,mujeres,total,De 65-69 años,,,193860
2024,municipios,mujeres,total,De 70-74 años,,,166678
2024,municipios,mujeres,total,De 75-79 años,,,150978
2024,municipios,mujeres,total,De 80-84 años,,,107055
2024,municipios,mujeres,total,De 85-89 años,,,80098
2024,municipios,mujeres,total,De 90-94 años,,,46872
2024,municipios,mujeres,total,De 95-99 años,,,14304
2024,municipios,mujeres,total,Total,,,3653105
2024,municipios,total,espanola,De 0-4 años,,,221843
2024,municipios,total,espanola,De 10-14 años,,,313566
2024,municipios,total,espanola,De 100 y más años,,,2438
2024,municipios,total,espanola,De 15-19 años,,,327199
2024,municipios,total,espanola,De 20-24 años,,,306500
2024,municipios,total,espanola,De 25-29 años,,,296234
2024,municipios,total,espanola,De 30-34 años,,,315778
2024,municipios,total,espanola,De 35-39 años,,,339689
2024,municipios,total,espanola,De 40-44 años,,,416198
2024,municipios,total,espanola,De 45-49 años,,,504056
2024,municipios,total,espanola,De 5-9 años,,,277294
2024,municipios,total,espanola,De 50-54 años,,,481323
2024,municipios,total,espanola,De 55-59 años,,,446531
2024,municipios,total,espanola,De 60-64 años,,,391064
2024,municipios,total,espanola,De 65-69 años,,,327391
2024,municipios,total,espanola,De 70-74 años,,,282268
2024,municipios,total,espanola,De 75-79 años,,,254521
2024,municipios,total,espanola,De 80-84 años,,,175231
2024,municipios,total,espanola,De 85-89 años,,,121780
2024,municipios,total,espanola,De 90-94 años,,,66325
2024,municipios,total,espanola,De 95-99 años,,,18308
2024,municipios,total,espanola,Total,,,5885537
2024,municipios,total,extranjera,De 0-4 años,,,41846
2024,municipios,total,extranjera,De 10-14 años,,,51578
2024,municipios,total,extranjera,De 100 y más años,,,37
2024,municipios,total,extranjera,De 15-19 años,,,53893
2024,municipios,total,extranjera,De 20-24 años,,,88001
2024,municipios,total,extranjera,De 25-29 años,,,128381
2024,municipios,total,extranjera,De 30-34 años,,,135732
2024,municipios,total,extranjera,De 35-39 años,,,127837
2024,municipios,total,extranjera,De 40-44 años,,,118773
2024,municipios,total,extranjera,De 45-49 años,,,100283
2024,municipios,total,extranjera,De 5-9 años,,,49443
2024,municipios,total,extranjera,De 50-54 años,,,77062
2024,municipios,total,extranjera,De 55-59 años,,,56358
2024,municipios,total,extranjera,De 60-64 años,,,37807
2024,municipios,total,extranjera,De 65-69 años,,,25200
2024,municipios,total,extranjera,De 70-74 años,,,15114
2024,municipios,total,extranjera,De 75-79 años,,,8274
2024,municipios,total,extranjera,De 80-84 años,,,4745
2024,municipios,total,extranjera,De 85-89 años,,,2304
2024,municipios,total,extranjera,De 90-94 años,,,838
2024,municipios,total,extranjera,De 95-99 años,,,225
2024,municipios,total,extranjera,Total,,,1123731
2024,municipios,total,total,De 0-4 años,,,263689
2024,municipios,total,total,De 10-14 años,,,365144
2024,municipios,total,total,De 100 y más años,,,2475
2024,municipios,total,total,De 15-19 años,,,381092
2024,municipios,total,total,De 20-24 años,,,394501
2024,municipios,total,total,De 25-29 años,,,424615
2024,municipios,total,total,De 30-34 años,,,451510
2024,municipios,total,total,De 35-39 años,,,467526
2024,municipios,total,total,De 40-44 años,,,534971
2024,municipios,total,total,De 45-49 años,,,604339
2024,municipios,total,total,De 5-9 años,,,326737
2024,municipios,total,total,De 50-54 años,,,558385
2024,municipios,total,total,De 55-59 años,,,502889
2024,municipios,total,total,De 60-64 años,,,428871
2024,municipios,total,total,De 65-69 años,,,352591
2024,municipios,total,total,De 70-74 años,,,297382
2024,municipios,total,total,De 75-79 años,,,262795
2024,municipios,total,total,De 80-84 años,,,179976
2024,municipios,total,total,De 85-89 años,,,124084
2024,municipios,total,total,De 90-94 años,,,67163
2024,municipios,total,total,De 95-99 años,,,18533
2024,municipios,total,total,Total,,,7009268
2024,zonas estadisticas,hombres,espanola,De 0-4 años,,,114070
2024,zonas estadisticas,hombres,espanola,De 10-14 años,,,161049
2024,zonas estadisticas,hombres,espanola,De 100 y más años,,,404
2024,zonas estadisticas,hombres,espanola,De 15-19 años,,,167743
2024,zonas estadisticas,hombres,espanola,De 20-24 años,,,156009
2024,zonas estadisticas,hombres,espanola,De 25-29 años,,,149201
2024,zonas estadisticas,hombres,espanola,De 30-34 años,,,158062
2024,zonas estadisticas,hombres,espanola,De 35-39 años,,,168327
2024,zonas estadisticas,hombres,espanola,De 40-44 años,,,203880
2024,zonas estadisticas,hombres,espanola,De 45-49 años,,,246613
2024,zonas estadisticas,hombres,espanola,De 5-9 años,,,142391
2024,zonas estadisticas,hombres,espanola,De 50-54 años,,,234362
2024,zonas estadisticas,hombres,espanola,De 55-59 años,,,213886
2024,zonas estadisticas,hombres,espanola,De 60-64 años,,,183664
2024,zonas estadisticas,hombres,espanola,De 65-69 años,,,148325
2024,zonas estadisticas,hombres,espanola,De 70-74 años,,,124903
2024,zonas estadisticas,hombres,espanola,De 75-79 años,,,108797
2024,zonas estadisticas,hombres,espanola,De 80-84 años,,,71200
2024,zonas estadisticas,hombres,espanola,De 85-89 años,,,43193
2024,zonas estadisticas,hombres,espanola,De 90-94 años,,,20037
2024,zonas estadisticas,hombres,espanola,De 95-99 años,,,4166
2024,zonas estadisticas,hombres,espanola,Total,,,2820282
2024,zonas estadisticas,hombres,extranjera,De 0-4 años,,,21357
2024,zonas estadisticas,hombres,extranjera,De 10-14 años,,,26394
2024,zonas estadisticas,hombres,extranjera,De 100 y más años,,,6
2024,zonas estadisticas,hombres,extranjera,De 15-19 años,,,27362
2024,zonas estadisticas,hombres,extranjera,De 20-24 años,,,42806
2024,zonas estadisticas,hombres,extranjera,De 25-29 años,,,60201
2024,zonas estadisticas,hombres,extranjera,De 30-34 años,,,64344
2024,zonas estadisticas,hombres,extranjera,De 35-39 años,,,60164
2024,zonas estadisticas,hombres,extranjera,De 40-44 años,,,57303
2024,zonas estadisticas,hombres,extranjera,De 45-49 años,,,49191
2024,zonas estadisticas,hombres,extranjera,De 5-9 años,,,25193
2024,zonas estadisticas,hombres,extranjera,De 50-54 años,,,37007
2024,zonas estadisticas,hombres,extranjera,De 55-59 años,,,25929
2024,zonas estadisticas,hombres,extranjera,De 60-64 años,,,16566
2024,zonas estadisticas,hombres,extranjera,De 65-69 años,,,10406
2024,zonas estadisticas,hombres,extranjera,De 70-74 años,,,5801
2024,zonas estadisticas,hombres,extranjera,De 75-79 años,,,3020
2024,zonas estadisticas,hombres,extranjera,De 80-84 años,,,1721
2024,zonas estadisticas,hombres,extranjera,De 85-89 años,,,793
2024,zonas estadisticas,hombres,extranjera,De 90-94 años,,,254
2024,zonas estadisticas,hombres,extranjera,De 95-99 años,,,63
2024,zonas estadisticas,hombres,extranjera,Total,,,535881
2024,zonas estadisticas,hombres,total,De 0-4 años,,,135427
2024,zonas estadisticas,hombres,total,De 10-14 años,,,187443
2024,zonas estadisticas,hombres,total,De 100 y más años,,,410
2024,zonas estadisticas,hombres,total,De 15-19 años,,,195105
2024,zonas estadisticas,hombres,total,De 20-24 años,,,198815
2024,zonas estadisticas,hombres,total,De 25-29 años,,,209402
2024,zonas estadisticas,hombres,total,De 30-34 años,,,222406
2024,zonas estadisticas,hombres,total,De 35-39 años,,,228491
2024,zonas estadisticas,hombres,total,De 40-44 años,,,261183
2024,zonas estadisticas,hombres,total,De 45-49 años,,,295804
2024,zonas estadisticas,hombres,total,De 5-9 años,,,167584
2024,zonas estadisticas,hombres,total,De 50-54 años,,,271369
2024,zonas estadisticas,hombres,total,De 55-59 años,,,239815
2024,zonas estadisticas,hombres,total,De 60-64 años,,,200230
2024,zonas estadisticas,hombres,total,De 65-69 años,,,158731
2024,zonas estadisticas,hombres,total,De 70-74 años,,,130704
2024,zonas estadisticas,hombres,total,De 75-79 años,,,111817
2024,zonas estadisticas,hombres,total,De 80-84 años,,,72921
2024,zonas estadisticas,hombres,total,De 85-89 años,,,43986
2024,zonas estadisticas,hombres,total,De 90-94 años,,,20291
2024,zonas estadisticas,hombres,total,De 95-99 años,,,4229
2024,zonas estadisticas,hombres,total,Total,,,3356163
2024,zonas estadisticas,mujeres,espanola,De 0-4 años,,,107773
2024,zonas estadisticas,mujeres,espanola,De 10-14 años,,,152517
2024,zonas estadisticas,mujeres,espanola,De 100 y más años,,,2034
2024,zonas estadisticas,mujeres,espanola,De 15-19 años,,,159456
2024,zonas estadisticas,mujeres,espanola,De 20-24 años,,,150491
2024,zonas estadisticas,mujeres,espanola,De 25-29 años,,,147033
2024,zonas estadisticas,mujeres,espanola,De 30-34 años,,,157716
2024,zonas estadisticas,mujeres,espanola,De 35-39 años,,,171362
2024,zonas estadisticas,mujeres,espanola,De 40-44 años,,,212318
2024,zonas estadisticas,mujeres,espanola,De 45-49 años,,,257443
2024,zonas estadisticas,mujeres,espanola,De 5-9 años,,,134903
2024,zonas estadisticas,mujeres,espanola,De 50-54 años,,,246961
2024,zonas estadisticas,mujeres,espanola,De 55-59 años,,,232645
2024,zonas estadisticas,mujeres,espanola,De 60-64 años,,,207400
2024,zonas estadisticas,mujeres,espanola,De 65-69 años,,,179066
2024,zonas estadisticas,mujeres,espanola,De 70-74 años,,,157365
2024,zonas estadisticas,mujeres,espanola,De 75-79 años,,,145724
2024,zonas estadisticas,mujeres,espanola,De 80-84 años,,,104031
2024,zonas estadisticas,mujeres,espanola,De 85-89 años,,,78587
2024,zonas estadisticas,mujeres,espanola,De 90-94 años,,,46288
2024,zonas estadisticas,mujeres,espanola,De 95-99 años,,,14142
2024,zonas estadisticas,mujeres,espanola,Total,,,3065255
2024,zonas estadisticas,mujeres,extranjera,De 0-4 años,,,20489
2024,zonas estadisticas,mujeres,extranjera,De 10-14 años,,,25184
2024,zonas estadisticas,mujeres,extranjera,De 100 y más años,,,31
2024,zonas estadisticas,mujeres,extranjera,De 15-19 años,,,26531
2024,zonas estadisticas,mujeres,extranjera,De 20-24 años,,,45195
2024,zonas estadisticas,mujeres,extranjera,De 25-29 años,,,68180
2024,zonas estadisticas,mujeres,extranjera,De 30-34 años,,,71388
2024,zonas estadisticas,mujeres,extranjera,De 35-39 años,,,67673
2024,zonas estadisticas,mujeres,extranjera,De 40-44 años,,,61470
2024,zonas estadisticas,mujeres,extranjera,De 45-49 años,,,51092
2024,zonas estadisticas,mujeres,extranjera,De 5-9 años,,,24250
2024,zonas estadisticas,mujeres,extranjera,De 50-54 años,,,40055
2024,zonas estadisticas,mujeres,extranjera,De 55-59 años,,,30429
2024,zonas estadisticas,mujeres,extranjera,De 60-64 años,,,21241
2024,zonas estadisticas,mujeres,extranjera,De 65-69 años,,,14794
2024,zonas estadisticas,mujeres,extranjera,De 70-74 años,,,9313
2024,zonas estadisticas,mujeres,extranjera,De 75-79 años,,,5254
2024,zonas estadisticas,mujeres,extranjera,De 80-84 años,,,3024
2024,zonas estadisticas,mujeres,extranjera,De 85-89 años,,,1511
2024,zonas estadisticas,mujeres,extranjera,De 90-94 años,,,584
2024,zonas estadisticas,mujeres,extranjera,De 95-99 años,,,162
2024,zonas estadisticas,mujeres,extranjera,Total,,,587850
2024,zonas estadisticas,mujeres,total,De 0-4 años,,,128262
2024,zonas estadisticas,mujeres,total,De 10-14 años,,,177701
2024,zonas estadisticas,mujeres,total,De 100 y más años,,,2065
2024,zonas estadisticas,mujeres,total,De 15-19 años,,,185987
2024,zonas estadisticas,mujeres,total,De 20-24 años,,,195686
2024,zonas estadisticas,mujeres,total,De 25-29 años,,,215213
2024,zonas estadisticas,mujeres,total,De 30-34 años,,,229104
2024,zonas estadisticas,mujeres,total,De 35-39 años,,,239035
2024,zonas estadisticas,mujeres,total,De 40-44 años,,,273788
2024,zonas estadisticas,mujeres,total,De 45-49 años,,,308535
2024,zonas estadisticas,mujeres,total,De 5-9 años,,,159153
2024,zonas estadisticas,mujeres,total,De 50-54 años,,,287016
2024,zonas estadisticas,mujeres,total,De 55-59 años,,,263074
2024,zonas estadisticas,mujeres,total,De 60-64 años,,,228641
2024,zonas estadisticas,mujeres,total,De 65-69 años,,,193860
2024,zonas estadisticas,mujeres,total,De 70-74 años,,,166678
2024,zonas estadisticas,mujeres,total,De 75-79 años,,,150978
2024,zonas estadisticas,mujeres,total,De 80-84 años,,,107055
2024,zonas estadisticas,mujeres,total,De 85-89 años,,,80098
2024,zonas estadisticas,mujeres,total,De 90-94 años,,,46872
2024,zonas estadisticas,mujeres,total,De 95-99 años,,,14304
2024,zonas estadisticas,mujeres,total,Total,,,3653105
2024,zonas estadisticas,total,espanola,De 0-4 años,,,221843
2024,zonas estadisticas,total,espanola,De 10-14 años,,,313566
2024,zonas estadisticas,total,espanola,De 100 y más años,,,2438
2024,zonas estadisticas,total,espanola,De 15-19 años,,,327199
2024,zonas estadisticas,total,espanola,De 20-24 años,,,306500
2024,zonas estadisticas,total,espanola,De 25-29 años,,,296234
2024,zonas estadisticas,total,espanola,De 30-34 años,,,315778
2024,zonas estadisticas,total,espanola,De 35-39 años,,,339689
2024,zonas estadisticas,total,espanola,De 40-44 años,,,416198
2024,zonas estadisticas,total,espanola,De 45-49 años,,,504056
2024,zonas estadisticas,total,espanola,De 5-9 años,,,277294
2024,zonas estadisticas,total,espanola,De 50-54 años,,,481323
2024,zonas estadisticas,total,espanola,De 55-59 años,,,446531
2024,zonas estadisticas,total,espanola,De 60-64 años,,,391064
2024,zonas estadisticas,total,espanola,De 65-69 años,,,327391
2024,zonas estadisticas,total,espanola,De 70-74 años,,,282268
2024,zonas estadisticas,total,espanola,De 75-79 años,,,254521
2024,zonas estadisticas,total,espanola,De 80-84 años,,,175231
2024,zonas estadisticas,total,espanola,De 85-89 años,,,121780
2024,zonas estadisticas,total,espanola,De 90-94 años,,,66325
2024,zonas estadisticas,total,espanola,De 95-99 años,,,18308
2024,zonas estadisticas,total,espanola,Total,,,5885537
2024,zonas estadisticas,total,extranjera,De 0-4 años,,,41846
2024,zonas estadisticas,total,extranjera,De 10-14 años,,,51578
2024,zonas estadisticas,total,extranjera,De 100 y más años,,,37
2024,zonas estadisticas,total,extranjera,De 15-19 años,,,53893
2024,zonas estadisticas,total,extranjera,De 20-24 años,,,88001
2024,zonas estadisticas,total,extranjera,De 25-29 años,,,128381
2024,zonas estadisticas,total,extranjera,De 30-34 años,,,135732
2024,zonas estadisticas,total,extranjera,De 35-39 años,,,127837
2024,zonas estadisticas,total,extranjera,De 40-44 años,,,118773
2024,zonas estadisticas,total,extranjera,De 45-49 años,,,100283
2024,zonas estadisticas,total,extranjera,De 5-9 años,,,49443
2024,zonas estadisticas,total,extranjera,De 50-54 años,,,77062
2024,zonas estadisticas,total,extranjera,De 55-59 años,,,56358
2024,zonas estadisticas,total,extranjera,De 60-64 años,,,37807
2024,zonas estadisticas,total,extranjera,De 65-69 años,,,25200
2024,zonas estadisticas,total,extranjera,De 70-74 años,,,15114
2024,zonas estadisticas,total,extranjera,De 75-79 años,,,8274
2024,zonas estadisticas,total,extranjera,De 80-84 años,,,4745
2024,zonas estadisticas,total,extranjera,De 85-89 años,,,2304
2024,zonas estadisticas,total,extranjera,De 90-94 años,,,838
2024,zonas estadisticas,total,extranjera,De 95-99 años,,,225
2024,zonas estadisticas,total,extranjera,Total,,,1123731
2024,zonas estadisticas,total,total,De 0-4 años,,,263689
2024,zonas estadisticas,total,total,De 10-14 años,,,365144
2024,zonas estadisticas,total,total,De 100 y más años,,,2475
2024,zonas estadisticas,total,total,De 15-19 años,,,381092
2024,zonas estadisticas,total,total,De 20-24 años,,,394501
2024,zonas estadisticas,total,total,De 25-29 años,,,424615
2024,zonas estadisticas,total,total,De 30-34 años,,,451510
2024,zonas estadisticas,total,total,De 35-39 años,,,467526
2024,zonas estadisticas,total,total,De 40-44 años,,,534971
2024,zonas estadisticas,total,total,De 45-49 años,,,604339
2024,zonas estadisticas,total,total,De 5-9 años,,,326737
2024,zonas estadisticas,total,total,De 50-54 años,,,558385
2024,zonas estadisticas,total,total,De 55-59 años,,,502889
2024,zonas estadisticas,total,total,De 60-64 años,,,428871
2024,zonas estadisticas,total,total,De 65-69 años,,,352591
2024,zonas estadisticas,total,total,De 70-74 años,,,297382
2024,zonas estadisticas,total,total,De 75-79 años,,,262795
2024,zonas estadisticas,total,total,De 80-84 años,,,179976
2024,zonas estadisticas,total,total,De 85-89 años,,,124084
2024,zonas estadisticas,total,total,De 90-94 años,,,67163
2024,zonas estadisticas,total,total,De 95-99 años,,,18533
2024,zonas estadisticas,total,total,Total,,,7009268
