Año;Tipo territorio;Código territorio;Territorio;Valor;Estado dato
2007;Comunidad de Madrid;;Comunidad de Madrid;-0.06;
2007;Municipios;0014;Acebeda (La);1.75;
2007;Municipios;0029;Ajalvir;-0.48;
2007;Municipios;0035;Alameda del Valle;-3.06;
2007;Municipios;0040;Álamo (El);-0.12;
2007;Municipios;0053;Alcalá de Henares;-0.07;
2007;Municipios;0066;Alcobendas;-0.05;
2007;Municipios;0072;Alcorcón;-0.17;
2007;Municipios;0088;Aldea del Fresno;-0.26;
2007;Municipios;0091;Algete;0.28;
2007;Municipios;0105;Alpedrete;-0.06;
2007;Municipios;0112;Ambite;-0.52;
2007;Municipios;0127;Anchuelo;-0.04;
2007;Municipios;0133;Aranjuez;0.18;
2007;Municipios;0148;Arganda del Rey;-0.15;
2007;Municipios;0151;Arroyomolinos;-0.36;
2007;Municipios;0164;Atazar (El);-1.72;
2007;Municipios;0170;Batres;0.60;
2007;Municipios;0186;Becerril de la Sierra;-0.72;
2007;Municipios;0199;Belmonte de Tajo;0.54;
2007;Municipios;0210;Berrueco (El);-2.14;
2007;Municipios;0203;Berzosa del Lozoya;-4.17;
2007;Municipios;0225;Boadilla del Monte;-0.23;
2007;Municipios;0231;Boalo (El);0.55;
2007;Municipios;0246;Braojos;-1.69;
2007;Municipios;0259;Brea de Tajo;-2.54;
2007;Municipios;0262;Brunete;-0.07;
2007;Municipios;0278;Buitrago del Lozoya;0.00;
2007;Municipios;0284;Bustarviejo;-0.90;
2007;Municipios;0297;Cabanillas de la Sierra;1.96;
2007;Municipios;0301;Cabrera (La);-0.10;
2007;Municipios;0318;Cadalso de los Vidrios;-0.94;
2007;Municipios;0323;Camarma de Esteruelas;-0.37;
2007;Municipios;0339;Campo Real;-0.61;
2007;Municipios;0344;Canencia;0.43;
2007;Municipios;0357;Carabaña;0.06;
2007;Municipios;0360;Casarrubuelos;-0.21;
2007;Municipios;0376;Cenicientos;-1.61;
2007;Municipios;0382;Cercedilla;-0.24;
2007;Municipios;0395;Cervera de Buitrago;-2.64;
2007;Municipios;0513;Chapinería;-1.14;
2007;Municipios;0528;Chinchón;0.16;
2007;Municipios;0409;Ciempozuelos;-0.32;
2007;Municipios;0416;Cobeña;0.18;
2007;Municipios;0468;Collado Mediano;-0.32;
2007;Municipios;0474;Collado Villalba;-0.18;
2007;Municipios;0437;Colmenar de Oreja;0.31;
2007;Municipios;0421;Colmenar del Arroyo;0.30;
2007;Municipios;0455;Colmenar Viejo;0.24;
2007;Municipios;0442;Colmenarejo;-0.27;
2007;Municipios;0480;Corpa;-0.61;
2007;Municipios;0493;Coslada;0.48;
2007;Municipios;0506;Cubas de la Sagra;-0.35;
2007;Municipios;0534;Daganzo de Arriba;-0.24;
2007;Municipios;0549;Escorial (El);-0.02;
2007;Municipios;0552;Estremera;-1.13;
2007;Municipios;0565;Fresnedillas de la Oliva;-0.08;
2007;Municipios;0571;Fresno de Torote;-0.55;
2007;Municipios;0587;Fuenlabrada;-0.06;
2007;Municipios;0590;Fuente el Saz de Jarama;-0.02;
2007;Municipios;0604;Fuentidueña de Tajo;0.11;
2007;Municipios;0611;Galapagar;-0.21;
2007;Municipios;0626;Garganta de los Montes;0.54;
2007;Municipios;0632;Gargantilla del Lozoya y Pinilla de Buitrago;2.41;
2007;Municipios;0647;Gascones;5.40;
2007;Municipios;0650;Getafe;-0.34;
2007;Municipios;0663;Griñón;-0.55;
2007;Municipios;0679;Guadalix de la Sierra;0.36;
2007;Municipios;0685;Guadarrama;-0.82;
2007;Municipios;0698;Hiruela (La);0.04;
2007;Municipios;0702;Horcajo de la Sierra-Aoslos;-1.28;
2007;Municipios;0719;Horcajuelo de la Sierra;0.07;
2007;Municipios;0724;Hoyo de Manzanares;-0.07;
2007;Municipios;0730;Humanes de Madrid;-0.47;
2007;Municipios;0745;Leganés;-0.07;
2007;Municipios;0758;Loeches;0.60;
2007;Municipios;0761;Lozoya;0.92;
2007;Municipios;9015;Lozoyuela-Navas-Sieteiglesias;-0.31;
2007;Municipios;0783;Madarcos;-0.22;
2007;Municipios;0796;Madrid;-0.06;
2007;Municipios;0800;Majadahonda;0.01;
2007;Municipios;0822;Manzanares el Real;-0.04;
2007;Municipios;0838;Meco;-0.20;
2007;Municipios;0843;Mejorada del Campo;0.11;
2007;Municipios;0856;Miraflores de la Sierra;0.56;
2007;Municipios;0869;Molar (El);0.27;
2007;Municipios;0875;Molinos (Los);-0.40;
2007;Municipios;0881;Montejo de la Sierra;-0.30;
2007;Municipios;0894;Moraleja de Enmedio;-0.22;
2007;Municipios;0908;Moralzarzal;-0.03;
2007;Municipios;0915;Morata de Tajuña;0.24;
2007;Municipios;0920;Móstoles;-0.04;
2007;Municipios;0936;Navacerrada;0.21;
2007;Municipios;0941;Navalafuente;0.06;
2007;Municipios;0954;Navalagamella;0.68;
2007;Municipios;0967;Navalcarnero;-0.18;
2007;Municipios;0973;Navarredonda y San Mamés;2.16;
2007;Municipios;0992;Navas del Rey;-0.25;
2007;Municipios;1006;Nuevo Baztán;-0.30;
2007;Municipios;1013;Olmeda de las Fuentes;0.41;
2007;Municipios;1028;Orusco de Tajuña;-0.19;
2007;Municipios;1049;Paracuellos de Jarama;-0.25;
2007;Municipios;1065;Parla;0.06;
2007;Municipios;1071;Patones;-2.06;
2007;Municipios;1087;Pedrezuela;0.59;
2007;Municipios;1090;Pelayos de la Presa;0.27;
2007;Municipios;1104;Perales de Tajuña;0.03;
2007;Municipios;1111;Pezuela de las Torres;-0.44;
2007;Municipios;1126;Pinilla del Valle;5.77;
2007;Municipios;1132;Pinto;-0.07;
2007;Municipios;1147;Piñuécar-Gandullas;0.54;
2007;Municipios;1150;Pozuelo de Alarcón;-0.02;
2007;Municipios;1163;Pozuelo del Rey;0.03;
2007;Municipios;1179;Prádena del Rincón;0.81;
2007;Municipios;1185;Puebla de la Sierra;-0.27;
2007;Municipios;9020;Puentes Viejas;-2.56;
2007;Municipios;1198;Quijorna;-0.52;
2007;Municipios;1202;Rascafría;-0.22;
2007;Municipios;1219;Redueña;0.91;
2007;Municipios;1224;Ribatejada;-0.29;
2007;Municipios;1230;Rivas-Vaciamadrid;-0.38;
2007;Municipios;1245;Robledillo de la Jara;-0.82;
2007;Municipios;1258;Robledo de Chavela;-0.34;
2007;Municipios;1261;Robregordo;1.41;
2007;Municipios;1277;Rozas de Madrid (Las);-0.08;
2007;Municipios;1283;Rozas de Puerto Real;-1.94;
2007;Municipios;1296;San Agustín del Guadalix;-0.37;
2007;Municipios;1300;San Fernando de Henares;0.75;
2007;Municipios;1317;San Lorenzo de El Escorial;-0.32;
2007;Municipios;1322;San Martín de la Vega;0.02;
2007;Municipios;1338;San Martín de Valdeiglesias;-0.45;
2007;Municipios;1343;San Sebastián de los Reyes;0.04;
2007;Municipios;1356;Santa María de la Alameda;0.32;
2007;Municipios;1369;Santorcaz;0.67;
2007;Municipios;1375;Santos de la Humosa (Los);0.11;
2007;Municipios;1381;Serna del Monte (La);0.79;
2007;Municipios;1408;Serranillos del Valle;-0.63;
2007;Municipios;1415;Sevilla la Nueva;-0.38;
2007;Municipios;1436;Somosierra;0.03;
2007;Municipios;1441;Soto del Real;0.01;
2007;Municipios;1454;Talamanca de Jarama;-0.43;
2007;Municipios;1467;Tielmes;0.18;
2007;Municipios;1473;Titulcia;-0.37;
2007;Municipios;1489;Torrejón de Ardoz;0.15;
2007;Municipios;1492;Torrejón de la Calzada;0.07;
2007;Municipios;1505;Torrejón de Velasco;0.06;
2007;Municipios;1512;Torrelaguna;0.00;
2007;Municipios;1527;Torrelodones;-0.10;
2007;Municipios;1533;Torremocha de Jarama;-1.37;
2007;Municipios;1548;Torres de la Alameda;-0.43;
2007;Municipios;9036;Tres Cantos;-0.03;
2007;Municipios;1551;Valdaracete;2.65;
2007;Municipios;1564;Valdeavero;-1.37;
2007;Municipios;1570;Valdelaguna;-0.73;
2007;Municipios;1586;Valdemanco;-0.22;
2007;Municipios;1599;Valdemaqueda;-2.00;
2007;Municipios;1603;Valdemorillo;-0.09;
2007;Municipios;1610;Valdemoro;-0.32;
2007;Municipios;1625;Valdeolmos-Alalpardo;-0.16;
2007;Municipios;1631;Valdepiélagos;-0.78;
2007;Municipios;1646;Valdetorres de Jarama;-0.28;
2007;Municipios;1659;Valdilecha;0.84;
2007;Municipios;1662;Valverde de Alcalá;-2.22;
2007;Municipios;1678;Velilla de San Antonio;-0.09;
2007;Municipios;1684;Vellón (El);-0.74;
2007;Municipios;1697;Venturada;-0.54;
2007;Municipios;1718;Villa del Prado;-0.74;
2007;Municipios;1701;Villaconejos;1.27;
2007;Municipios;1723;Villalbilla;-0.04;
2007;Municipios;1739;Villamanrique de Tajo;-1.31;
2007;Municipios;1744;Villamanta;0.04;
2007;Municipios;1757;Villamantilla;-0.51;
2007;Municipios;1760;Villanueva de la Cañada;-0.12;
2007;Municipios;1782;Villanueva de Perales;-0.76;
2007;Municipios;1776;Villanueva del Pardillo;-0.46;
2007;Municipios;1795;Villar del Olmo;-0.18;
2007;Municipios;1809;Villarejo de Salvanés;0.58;
2007;Municipios;1816;Villaviciosa de Odón;0.13;
2007;Municipios;1821;Villavieja del Lozoya;-1.28;
2007;Municipios;1837;Zarzalejo;-0.54;
2007;Zonas Estadísticas;03;Este Metropolitano;0.06;
2007;Zonas Estadísticas;01;Municipio de Madrid;-0.06;
2007;Zonas Estadísticas;07;Nordeste Comunidad;-0.20;
2007;Zonas Estadísticas;02;Norte Metropolitano;0.03;
2007;Zonas Estadísticas;05;Oeste Metropolitano;-0.08;
2007;Zonas Estadísticas;11;Sierra Central;-0.19;
2007;Zonas Estadísticas;06;Sierra Norte;-0.07;
2007;Zonas Estadísticas;10;Sierra Sur;-0.45;
2007;Zonas Estadísticas;08;Sudeste Comunidad;0.08;
2007;Zonas Estadísticas;09;Sudoeste Comunidad;-0.28;
2007;Zonas Estadísticas;04;Sur Metropolitano;-0.11;
2008;Comunidad de Madrid;;Comunidad de Madrid;0.39;
2008;Municipios;0014;Acebeda (La);1.81;
2008;Municipios;0029;Ajalvir;0.40;
2008;Municipios;0035;Alameda del Valle;0.33;
2008;Municipios;0040;Álamo (El);0.90;
2008;Municipios;0053;Alcalá de Henares;0.45;
2008;Municipios;0066;Alcobendas;0.37;
2008;Municipios;0072;Alcorcón;0.48;
2008;Municipios;0088;Aldea del Fresno;1.03;
2008;Municipios;0091;Algete;-0.11;
2008;Municipios;0105;Alpedrete;0.52;
2008;Municipios;0112;Ambite;0.93;
2008;Municipios;0127;Anchuelo;0.55;
2008;Municipios;0133;Aranjuez;0.25;
2008;Municipios;0148;Arganda del Rey;0.88;
2008;Municipios;0151;Arroyomolinos;0.05;
2008;Municipios;0164;Atazar (El);0.17;
2008;Municipios;0170;Batres;-0.28;
2008;Municipios;0186;Becerril de la Sierra;0.36;
2008;Municipios;0199;Belmonte de Tajo;0.95;
2008;Municipios;0210;Berrueco (El);-0.23;
2008;Municipios;0203;Berzosa del Lozoya;-0.79;
2008;Municipios;0225;Boadilla del Monte;0.30;
2008;Municipios;0231;Boalo (El);0.21;
2008;Municipios;0246;Braojos;1.54;
2008;Municipios;0259;Brea de Tajo;1.73;
2008;Municipios;0262;Brunete;0.69;
2008;Municipios;0278;Buitrago del Lozoya;-0.49;
2008;Municipios;0284;Bustarviejo;1.62;
2008;Municipios;0297;Cabanillas de la Sierra;-1.06;
2008;Municipios;0301;Cabrera (La);0.19;
2008;Municipios;0318;Cadalso de los Vidrios;1.41;
2008;Municipios;0323;Camarma de Esteruelas;0.40;
2008;Municipios;0339;Campo Real;1.65;
2008;Municipios;0344;Canencia;-0.42;
2008;Municipios;0357;Carabaña;0.22;
2008;Municipios;0360;Casarrubuelos;0.81;
2008;Municipios;0376;Cenicientos;0.86;
2008;Municipios;0382;Cercedilla;0.86;
2008;Municipios;0395;Cervera de Buitrago;0.05;
2008;Municipios;0513;Chapinería;2.53;
2008;Municipios;0528;Chinchón;0.62;
2008;Municipios;0409;Ciempozuelos;0.88;
2008;Municipios;0416;Cobeña;-0.14;
2008;Municipios;0468;Collado Mediano;0.40;
2008;Municipios;0474;Collado Villalba;0.74;
2008;Municipios;0437;Colmenar de Oreja;0.50;
2008;Municipios;0421;Colmenar del Arroyo;0.56;
2008;Municipios;0455;Colmenar Viejo;0.42;
2008;Municipios;0442;Colmenarejo;0.46;
2008;Municipios;0480;Corpa;0.28;
2008;Municipios;0493;Coslada;-0.09;
2008;Municipios;0506;Cubas de la Sagra;0.78;
2008;Municipios;0534;Daganzo de Arriba;0.10;
2008;Municipios;0549;Escorial (El);0.29;
2008;Municipios;0552;Estremera;-0.10;
2008;Municipios;0565;Fresnedillas de la Oliva;1.83;
2008;Municipios;0571;Fresno de Torote;0.97;
2008;Municipios;0587;Fuenlabrada;0.91;
2008;Municipios;0590;Fuente el Saz de Jarama;0.58;
2008;Municipios;0604;Fuentidueña de Tajo;0.72;
2008;Municipios;0611;Galapagar;0.60;
2008;Municipios;0626;Garganta de los Montes;1.09;
2008;Municipios;0632;Gargantilla del Lozoya y Pinilla de Buitrago;1.68;
2008;Municipios;0647;Gascones;-4.69;
2008;Municipios;0650;Getafe;0.40;
2008;Municipios;0663;Griñón;0.30;
2008;Municipios;0679;Guadalix de la Sierra;0.41;
2008;Municipios;0685;Guadarrama;0.42;
2008;Municipios;0698;Hiruela (La);2.60;
2008;Municipios;0702;Horcajo de la Sierra-Aoslos;-0.02;
2008;Municipios;0719;Horcajuelo de la Sierra;-0.96;
2008;Municipios;0724;Hoyo de Manzanares;0.40;
2008;Municipios;0730;Humanes de Madrid;1.29;
2008;Municipios;0745;Leganés;0.60;
2008;Municipios;0758;Loeches;0.63;
2008;Municipios;0761;Lozoya;0.23;
2008;Municipios;9015;Lozoyuela-Navas-Sieteiglesias;2.17;
2008;Municipios;0783;Madarcos;-2.22;
2008;Municipios;0796;Madrid;0.29;
2008;Municipios;0800;Majadahonda;0.20;
2008;Municipios;0822;Manzanares el Real;0.58;
2008;Municipios;0838;Meco;0.77;
2008;Municipios;0843;Mejorada del Campo;0.53;
2008;Municipios;0856;Miraflores de la Sierra;0.08;
2008;Municipios;0869;Molar (El);1.10;
2008;Municipios;0875;Molinos (Los);0.67;
2008;Municipios;0881;Montejo de la Sierra;0.45;
2008;Municipios;0894;Moraleja de Enmedio;1.51;
2008;Municipios;0908;Moralzarzal;0.77;
2008;Municipios;0915;Morata de Tajuña;0.61;
2008;Municipios;0920;Móstoles;0.54;
2008;Municipios;0936;Navacerrada;0.26;
2008;Municipios;0941;Navalafuente;1.70;
2008;Municipios;0954;Navalagamella;0.58;
2008;Municipios;0967;Navalcarnero;0.60;
2008;Municipios;0973;Navarredonda y San Mamés;-0.90;
2008;Municipios;0992;Navas del Rey;0.80;
2008;Municipios;1006;Nuevo Baztán;0.91;
2008;Municipios;1013;Olmeda de las Fuentes;-0.41;
2008;Municipios;1028;Orusco de Tajuña;-0.43;
2008;Municipios;1049;Paracuellos de Jarama;0.23;
2008;Municipios;1065;Parla;1.02;
2008;Municipios;1071;Patones;0.20;
2008;Municipios;1087;Pedrezuela;0.23;
2008;Municipios;1090;Pelayos de la Presa;1.89;
2008;Municipios;1104;Perales de Tajuña;0.50;
2008;Municipios;1111;Pezuela de las Torres;0.42;
2008;Municipios;1126;Pinilla del Valle;-2.87;
2008;Municipios;1132;Pinto;0.97;
2008;Municipios;1147;Piñuécar-Gandullas;0.37;
2008;Municipios;1150;Pozuelo de Alarcón;0.20;
2008;Municipios;1163;Pozuelo del Rey;2.37;
2008;Municipios;1179;Prádena del Rincón;-1.91;
2008;Municipios;1185;Puebla de la Sierra;-3.65;
2008;Municipios;9020;Puentes Viejas;1.00;
2008;Municipios;1198;Quijorna;0.35;
2008;Municipios;1202;Rascafría;0.09;
2008;Municipios;1219;Redueña;1.85;
2008;Municipios;1224;Ribatejada;0.24;
2008;Municipios;1230;Rivas-Vaciamadrid;0.25;
2008;Municipios;1245;Robledillo de la Jara;3.08;
2008;Municipios;1258;Robledo de Chavela;0.39;
2008;Municipios;1261;Robregordo;1.82;
2008;Municipios;1277;Rozas de Madrid (Las);-0.06;
2008;Municipios;1283;Rozas de Puerto Real;3.47;
2008;Municipios;1296;San Agustín del Guadalix;0.49;
2008;Municipios;1300;San Fernando de Henares;-0.15;
2008;Municipios;1317;San Lorenzo de El Escorial;0.28;
2008;Municipios;1322;San Martín de la Vega;0.78;
2008;Municipios;1338;San Martín de Valdeiglesias;0.59;
2008;Municipios;1343;San Sebastián de los Reyes;0.33;
2008;Municipios;1356;Santa María de la Alameda;1.96;
2008;Municipios;1369;Santorcaz;1.80;
2008;Municipios;1375;Santos de la Humosa (Los);1.00;
2008;Municipios;1381;Serna del Monte (La);1.83;
2008;Municipios;1408;Serranillos del Valle;0.94;
2008;Municipios;1415;Sevilla la Nueva;0.52;
2008;Municipios;1436;Somosierra;1.88;
2008;Municipios;1441;Soto del Real;-0.04;
2008;Municipios;1454;Talamanca de Jarama;1.68;
2008;Municipios;1467;Tielmes;1.94;
2008;Municipios;1473;Titulcia;1.57;
2008;Municipios;1489;Torrejón de Ardoz;0.60;
2008;Municipios;1492;Torrejón de la Calzada;0.16;
2008;Municipios;1505;Torrejón de Velasco;0.48;
2008;Municipios;1512;Torrelaguna;0.13;
2008;Municipios;1527;Torrelodones;-0.14;
2008;Municipios;1533;Torremocha de Jarama;0.60;
2008;Municipios;1548;Torres de la Alameda;0.68;
2008;Municipios;9036;Tres Cantos;0.07;
2008;Municipios;1551;Valdaracete;-1.15;
2008;Municipios;1564;Valdeavero;0.13;
2008;Municipios;1570;Valdelaguna;1.10;
2008;Municipios;1586;Valdemanco;1.03;
2008;Municipios;1599;Valdemaqueda;1.69;
2008;Municipios;1603;Valdemorillo;0.67;
2008;Municipios;1610;Valdemoro;0.33;
2008;Municipios;1625;Valdeolmos-Alalpardo;-0.05;
2008;Municipios;1631;Valdepiélagos;0.42;
2008;Municipios;1646;Valdetorres de Jarama;0.55;
2008;Municipios;1659;Valdilecha;-0.26;
2008;Municipios;1662;Valverde de Alcalá;4.00;
2008;Municipios;1678;Velilla de San Antonio;0.00;
2008;Municipios;1684;Vellón (El);1.99;
2008;Municipios;1697;Venturada;-0.12;
2008;Municipios;1718;Villa del Prado;1.61;
2008;Municipios;1701;Villaconejos;1.00;
2008;Municipios;1723;Villalbilla;0.32;
2008;Municipios;1739;Villamanrique de Tajo;0.24;
2008;Municipios;1744;Villamanta;0.46;
2008;Municipios;1757;Villamantilla;0.54;
2008;Municipios;1760;Villanueva de la Cañada;0.32;
2008;Municipios;1782;Villanueva de Perales;1.46;
2008;Municipios;1776;Villanueva del Pardillo;0.46;
2008;Municipios;1795;Villar del Olmo;0.41;
2008;Municipios;1809;Villarejo de Salvanés;1.41;
2008;Municipios;1816;Villaviciosa de Odón;0.28;
2008;Municipios;1821;Villavieja del Lozoya;-0.10;
2008;Municipios;1837;Zarzalejo;0.50;
2008;Zonas Estadísticas;03;Este Metropolitano;0.35;
2008;Zonas Estadísticas;01;Municipio de Madrid;0.29;
2008;Zonas Estadísticas;07;Nordeste Comunidad;0.61;
2008;Zonas Estadísticas;02;Norte Metropolitano;0.29;
2008;Zonas Estadísticas;05;Oeste Metropolitano;0.26;
2008;Zonas Estadísticas;11;Sierra Central;0.43;
2008;Zonas Estadísticas;06;Sierra Norte;0.43;
2008;Zonas Estadísticas;10;Sierra Sur;1.04;
2008;Zonas Estadísticas;08;Sudeste Comunidad;0.76;
2008;Zonas Estadísticas;09;Sudoeste Comunidad;0.62;
2008;Zonas Estadísticas;04;Sur Metropolitano;0.64;
2009;Comunidad de Madrid;;Comunidad de Madrid;2.30;
2009;Municipios;0014;Acebeda (La);-3.62;
2009;Municipios;0029;Ajalvir;1.94;
2009;Municipios;0035;Alameda del Valle;1.44;
2009;Municipios;0040;Álamo (El);3.15;
2009;Municipios;0053;Alcalá de Henares;3.40;
2009;Municipios;0066;Alcobendas;2.15;
2009;Municipios;0072;Alcorcón;2.34;
2009;Municipios;0088;Aldea del Fresno;3.79;
2009;Municipios;0091;Algete;2.11;
2009;Municipios;0105;Alpedrete;1.74;
2009;Municipios;0112;Ambite;4.73;
2009;Municipios;0127;Anchuelo;3.28;
2009;Municipios;0133;Aranjuez;2.72;
2009;Municipios;0148;Arganda del Rey;4.52;
2009;Municipios;0151;Arroyomolinos;1.29;
2009;Municipios;0164;Atazar (El);0.00;
2009;Municipios;0170;Batres;2.38;
2009;Municipios;0186;Becerril de la Sierra;2.71;
2009;Municipios;0199;Belmonte de Tajo;3.71;
2009;Municipios;0210;Berrueco (El);2.48;
2009;Municipios;0203;Berzosa del Lozoya;0.56;
2009;Municipios;0225;Boadilla del Monte;1.01;
2009;Municipios;0231;Boalo (El);2.43;
2009;Municipios;0246;Braojos;-0.19;
2009;Municipios;0259;Brea de Tajo;2.76;
2009;Municipios;0262;Brunete;2.20;
2009;Municipios;0278;Buitrago del Lozoya;1.72;
2009;Municipios;0284;Bustarviejo;2.14;
2009;Municipios;0297;Cabanillas de la Sierra;0.62;
2009;Municipios;0301;Cabrera (La);4.32;
2009;Municipios;0318;Cadalso de los Vidrios;3.65;
2009;Municipios;0323;Camarma de Esteruelas;3.20;
2009;Municipios;0339;Campo Real;3.41;
2009;Municipios;0344;Canencia;-0.02;
2009;Municipios;0357;Carabaña;3.95;
2009;Municipios;0360;Casarrubuelos;2.26;
2009;Municipios;0376;Cenicientos;1.15;
2009;Municipios;0382;Cercedilla;1.78;
2009;Municipios;0395;Cervera de Buitrago;-0.13;
2009;Municipios;0513;Chapinería;1.10;
2009;Municipios;0528;Chinchón;3.61;
2009;Municipios;0409;Ciempozuelos;3.78;
2009;Municipios;0416;Cobeña;1.61;
2009;Municipios;0468;Collado Mediano;1.89;
2009;Municipios;0474;Collado Villalba;2.89;
2009;Municipios;0437;Colmenar de Oreja;4.73;
2009;Municipios;0421;Colmenar del Arroyo;2.40;
2009;Municipios;0455;Colmenar Viejo;2.75;
2009;Municipios;0442;Colmenarejo;2.36;
2009;Municipios;0480;Corpa;3.08;
2009;Municipios;0493;Coslada;2.80;
2009;Municipios;0506;Cubas de la Sagra;1.85;
2009;Municipios;0534;Daganzo de Arriba;1.72;
2009;Municipios;0549;Escorial (El);1.87;
2009;Municipios;0552;Estremera;4.28;
2009;Municipios;0565;Fresnedillas de la Oliva;0.91;
2009;Municipios;0571;Fresno de Torote;2.87;
2009;Municipios;0587;Fuenlabrada;3.73;
2009;Municipios;0590;Fuente el Saz de Jarama;3.25;
2009;Municipios;0604;Fuentidueña de Tajo;4.36;
2009;Municipios;0611;Galapagar;2.25;
2009;Municipios;0626;Garganta de los Montes;0.87;
2009;Municipios;0632;Gargantilla del Lozoya y Pinilla de Buitrago;-1.23;
2009;Municipios;0647;Gascones;1.88;
2009;Municipios;0650;Getafe;2.74;
2009;Municipios;0663;Griñón;2.24;
2009;Municipios;0679;Guadalix de la Sierra;2.32;
2009;Municipios;0685;Guadarrama;2.00;
2009;Municipios;0698;Hiruela (La);-2.60;
2009;Municipios;0702;Horcajo de la Sierra-Aoslos;-1.75;
2009;Municipios;0719;Horcajuelo de la Sierra;3.42;
2009;Municipios;0724;Hoyo de Manzanares;1.35;
2009;Municipios;0730;Humanes de Madrid;4.00;
2009;Municipios;0745;Leganés;2.89;
2009;Municipios;0758;Loeches;2.75;
2009;Municipios;0761;Lozoya;1.68;
2009;Municipios;9015;Lozoyuela-Navas-Sieteiglesias;3.63;
2009;Municipios;0783;Madarcos;0.00;
2009;Municipios;0796;Madrid;1.93;
2009;Municipios;0800;Majadahonda;1.25;
2009;Municipios;0822;Manzanares el Real;1.76;
2009;Municipios;0838;Meco;4.28;
2009;Municipios;0843;Mejorada del Campo;4.01;
2009;Municipios;0856;Miraflores de la Sierra;3.01;
2009;Municipios;0869;Molar (El);2.82;
2009;Municipios;0875;Molinos (Los);1.98;
2009;Municipios;0881;Montejo de la Sierra;-0.55;
2009;Municipios;0894;Moraleja de Enmedio;3.08;
2009;Municipios;0908;Moralzarzal;1.98;
2009;Municipios;0915;Morata de Tajuña;4.02;
2009;Municipios;0920;Móstoles;2.84;
2009;Municipios;0936;Navacerrada;0.68;
2009;Municipios;0941;Navalafuente;4.92;
2009;Municipios;0954;Navalagamella;3.30;
2009;Municipios;0967;Navalcarnero;3.17;
2009;Municipios;0973;Navarredonda y San Mamés;2.98;
2009;Municipios;0992;Navas del Rey;3.80;
2009;Municipios;1006;Nuevo Baztán;2.47;
2009;Municipios;1013;Olmeda de las Fuentes;1.82;
2009;Municipios;1028;Orusco de Tajuña;2.93;
2009;Municipios;1049;Paracuellos de Jarama;1.49;
2009;Municipios;1065;Parla;4.00;
2009;Municipios;1071;Patones;1.04;
2009;Municipios;1087;Pedrezuela;2.45;
2009;Municipios;1090;Pelayos de la Presa;2.08;
2009;Municipios;1104;Perales de Tajuña;3.96;
2009;Municipios;1111;Pezuela de las Torres;3.39;
2009;Municipios;1126;Pinilla del Valle;-1.80;
2009;Municipios;1132;Pinto;2.94;
2009;Municipios;1147;Piñuécar-Gandullas;0.33;
2009;Municipios;1150;Pozuelo de Alarcón;0.93;
2009;Municipios;1163;Pozuelo del Rey;1.39;
2009;Municipios;1179;Prádena del Rincón;3.11;
2009;Municipios;1185;Puebla de la Sierra;2.70;
2009;Municipios;9020;Puentes Viejas;0.49;
2009;Municipios;1198;Quijorna;2.77;
2009;Municipios;1202;Rascafría;1.61;
2009;Municipios;1219;Redueña;0.87;
2009;Municipios;1224;Ribatejada;3.36;
2009;Municipios;1230;Rivas-Vaciamadrid;1.98;
2009;Municipios;1245;Robledillo de la Jara;1.33;
2009;Municipios;1258;Robledo de Chavela;2.42;
2009;Municipios;1261;Robregordo;-1.59;
2009;Municipios;1277;Rozas de Madrid (Las);1.20;
2009;Municipios;1283;Rozas de Puerto Real;0.31;
2009;Municipios;1296;San Agustín del Guadalix;1.80;
2009;Municipios;1300;San Fernando de Henares;2.81;
2009;Municipios;1317;San Lorenzo de El Escorial;1.61;
2009;Municipios;1322;San Martín de la Vega;3.79;
2009;Municipios;1338;San Martín de Valdeiglesias;3.16;
2009;Municipios;1343;San Sebastián de los Reyes;2.28;
2009;Municipios;1356;Santa María de la Alameda;0.90;
2009;Municipios;1369;Santorcaz;3.09;
2009;Municipios;1375;Santos de la Humosa (Los);3.81;
2009;Municipios;1381;Serna del Monte (La);-0.55;
2009;Municipios;1408;Serranillos del Valle;2.00;
2009;Municipios;1415;Sevilla la Nueva;1.92;
2009;Municipios;1436;Somosierra;-1.83;
2009;Municipios;1441;Soto del Real;1.88;
2009;Municipios;1454;Talamanca de Jarama;2.84;
2009;Municipios;1467;Tielmes;2.49;
2009;Municipios;1473;Titulcia;3.07;
2009;Municipios;1489;Torrejón de Ardoz;3.59;
2009;Municipios;1492;Torrejón de la Calzada;2.73;
2009;Municipios;1505;Torrejón de Velasco;1.48;
2009;Municipios;1512;Torrelaguna;3.99;
2009;Municipios;1527;Torrelodones;1.13;
2009;Municipios;1533;Torremocha de Jarama;1.84;
2009;Municipios;1548;Torres de la Alameda;3.79;
2009;Municipios;9036;Tres Cantos;1.21;
2009;Municipios;1551;Valdaracete;3.67;
2009;Municipios;1564;Valdeavero;2.93;
2009;Municipios;1570;Valdelaguna;2.73;
2009;Municipios;1586;Valdemanco;1.34;
2009;Municipios;1599;Valdemaqueda;5.95;
2009;Municipios;1603;Valdemorillo;1.66;
2009;Municipios;1610;Valdemoro;2.72;
2009;Municipios;1625;Valdeolmos-Alalpardo;1.73;
2009;Municipios;1631;Valdepiélagos;2.03;
2009;Municipios;1646;Valdetorres de Jarama;3.55;
2009;Municipios;1659;Valdilecha;4.90;
2009;Municipios;1662;Valverde de Alcalá;-0.49;
2009;Municipios;1678;Velilla de San Antonio;3.22;
2009;Municipios;1684;Vellón (El);2.76;
2009;Municipios;1697;Venturada;0.79;
2009;Municipios;1718;Villa del Prado;3.14;
2009;Municipios;1701;Villaconejos;3.01;
2009;Municipios;1723;Villalbilla;2.14;
2009;Municipios;1739;Villamanrique de Tajo;4.21;
2009;Municipios;1744;Villamanta;2.12;
2009;Municipios;1757;Villamantilla;0.37;
2009;Municipios;1760;Villanueva de la Cañada;1.49;
2009;Municipios;1782;Villanueva de Perales;0.74;
2009;Municipios;1776;Villanueva del Pardillo;1.98;
2009;Municipios;1795;Villar del Olmo;1.67;
2009;Municipios;1809;Villarejo de Salvanés;3.79;
2009;Municipios;1816;Villaviciosa de Odón;1.50;
2009;Municipios;1821;Villavieja del Lozoya;0.81;
2009;Municipios;1837;Zarzalejo;2.70;
2009;Zonas Estadísticas;03;Este Metropolitano;3.20;
2009;Zonas Estadísticas;01;Municipio de Madrid;1.93;
2009;Zonas Estadísticas;07;Nordeste Comunidad;3.06;
2009;Zonas Estadísticas;02;Norte Metropolitano;2.12;
2009;Zonas Estadísticas;05;Oeste Metropolitano;1.46;
2009;Zonas Estadísticas;11;Sierra Central;1.94;
2009;Zonas Estadísticas;06;Sierra Norte;2.28;
2009;Zonas Estadísticas;10;Sierra Sur;2.65;
2009;Zonas Estadísticas;08;Sudeste Comunidad;3.41;
2009;Zonas Estadísticas;09;Sudoeste Comunidad;2.43;
2009;Zonas Estadísticas;04;Sur Metropolitano;3.06;
2010;Comunidad de Madrid;;Comunidad de Madrid;1.08;
2010;Municipios;0014;Acebeda (La);6.84;
2010;Municipios;0029;Ajalvir;1.58;
2010;Municipios;0035;Alameda del Valle;2.89;
2010;Municipios;0040;Álamo (El);1.24;
2010;Municipios;0053;Alcalá de Henares;1.10;
2010;Municipios;0066;Alcobendas;1.03;
2010;Municipios;0072;Alcorcón;0.99;
2010;Municipios;0088;Aldea del Fresno;2.44;
2010;Municipios;0091;Algete;1.24;
2010;Municipios;0105;Alpedrete;0.34;
2010;Municipios;0112;Ambite;2.35;
2010;Municipios;0127;Anchuelo;3.60;
2010;Municipios;0133;Aranjuez;1.13;
2010;Municipios;0148;Arganda del Rey;1.21;
2010;Municipios;0151;Arroyomolinos;1.01;
2010;Municipios;0164;Atazar (El);5.09;
2010;Municipios;0170;Batres;1.80;
2010;Municipios;0186;Becerril de la Sierra;1.01;
2010;Municipios;0199;Belmonte de Tajo;2.89;
2010;Municipios;0210;Berrueco (El);2.62;
2010;Municipios;0203;Berzosa del Lozoya;0.83;
2010;Municipios;0225;Boadilla del Monte;0.65;
2010;Municipios;0231;Boalo (El);0.51;
2010;Municipios;0246;Braojos;3.12;
2010;Municipios;0259;Brea de Tajo;2.96;
2010;Municipios;0262;Brunete;0.81;
2010;Municipios;0278;Buitrago del Lozoya;1.23;
2010;Municipios;0284;Bustarviejo;2.72;
2010;Municipios;0297;Cabanillas de la Sierra;2.16;
2010;Municipios;0301;Cabrera (La);1.62;
2010;Municipios;0318;Cadalso de los Vidrios;1.89;
2010;Municipios;0323;Camarma de Esteruelas;1.22;
2010;Municipios;0339;Campo Real;3.00;
2010;Municipios;0344;Canencia;1.35;
2010;Municipios;0357;Carabaña;2.22;
2010;Municipios;0360;Casarrubuelos;1.99;
2010;Municipios;0376;Cenicientos;1.65;
2010;Municipios;0382;Cercedilla;0.87;
2010;Municipios;0395;Cervera de Buitrago;5.90;
2010;Municipios;0513;Chapinería;2.78;
2010;Municipios;0528;Chinchón;1.12;
2010;Municipios;0409;Ciempozuelos;1.20;
2010;Municipios;0416;Cobeña;0.66;
2010;Municipios;0468;Collado Mediano;1.62;
2010;Municipios;0474;Collado Villalba;0.85;
2010;Municipios;0437;Colmenar de Oreja;2.14;
2010;Municipios;0421;Colmenar del Arroyo;1.64;
2010;Municipios;0455;Colmenar Viejo;1.24;
2010;Municipios;0442;Colmenarejo;0.59;
2010;Municipios;0480;Corpa;2.95;
2010;Municipios;0493;Coslada;0.95;
2010;Municipios;0506;Cubas de la Sagra;1.31;
2010;Municipios;0534;Daganzo de Arriba;1.30;
2010;Municipios;0549;Escorial (El);0.97;
2010;Municipios;0552;Estremera;1.10;
2010;Municipios;0565;Fresnedillas de la Oliva;2.37;
2010;Municipios;0571;Fresno de Torote;1.20;
2010;Municipios;0587;Fuenlabrada;1.17;
2010;Municipios;0590;Fuente el Saz de Jarama;1.29;
2010;Municipios;0604;Fuentidueña de Tajo;0.88;
2010;Municipios;0611;Galapagar;1.13;
2010;Municipios;0626;Garganta de los Montes;1.74;
2010;Municipios;0632;Gargantilla del Lozoya y Pinilla de Buitrago;2.11;
2010;Municipios;0647;Gascones;5.87;
2010;Municipios;0650;Getafe;0.97;
2010;Municipios;0663;Griñón;0.83;
2010;Municipios;0679;Guadalix de la Sierra;1.50;
2010;Municipios;0685;Guadarrama;0.82;
2010;Municipios;0698;Hiruela (La);0.16;
2010;Municipios;0702;Horcajo de la Sierra-Aoslos;7.04;
2010;Municipios;0719;Horcajuelo de la Sierra;-0.19;
2010;Municipios;0724;Hoyo de Manzanares;0.77;
2010;Municipios;0730;Humanes de Madrid;1.06;
2010;Municipios;0745;Leganés;1.17;
2010;Municipios;0758;Loeches;1.61;
2010;Municipios;0761;Lozoya;2.12;
2010;Municipios;9015;Lozoyuela-Navas-Sieteiglesias;-0.55;
2010;Municipios;0783;Madarcos;6.12;
2010;Municipios;0796;Madrid;1.04;
2010;Municipios;0800;Majadahonda;0.76;
2010;Municipios;0822;Manzanares el Real;2.02;
2010;Municipios;0838;Meco;1.07;
2010;Municipios;0843;Mejorada del Campo;1.14;
2010;Municipios;0856;Miraflores de la Sierra;1.03;
2010;Municipios;0869;Molar (El);1.20;
2010;Municipios;0875;Molinos (Los);0.89;
2010;Municipios;0881;Montejo de la Sierra;4.36;
2010;Municipios;0894;Moraleja de Enmedio;0.39;
2010;Municipios;0908;Moralzarzal;1.10;
2010;Municipios;0915;Morata de Tajuña;2.17;
2010;Municipios;0920;Móstoles;1.03;
2010;Municipios;0936;Navacerrada;0.48;
2010;Municipios;0941;Navalafuente;1.10;
2010;Municipios;0954;Navalagamella;2.11;
2010;Municipios;0967;Navalcarnero;1.16;
2010;Municipios;0973;Navarredonda y San Mamés;-1.35;
2010;Municipios;0992;Navas del Rey;2.28;
2010;Municipios;1006;Nuevo Baztán;1.73;
2010;Municipios;1013;Olmeda de las Fuentes;0.11;
2010;Municipios;1028;Orusco de Tajuña;3.58;
2010;Municipios;1049;Paracuellos de Jarama;0.87;
2010;Municipios;1065;Parla;1.89;
2010;Municipios;1071;Patones;1.12;
2010;Municipios;1087;Pedrezuela;1.72;
2010;Municipios;1090;Pelayos de la Presa;3.55;
2010;Municipios;1104;Perales de Tajuña;1.46;
2010;Municipios;1111;Pezuela de las Torres;2.32;
2010;Municipios;1126;Pinilla del Valle;0.77;
2010;Municipios;1132;Pinto;1.38;
2010;Municipios;1147;Piñuécar-Gandullas;2.29;
2010;Municipios;1150;Pozuelo de Alarcón;0.70;
2010;Municipios;1163;Pozuelo del Rey;2.27;
2010;Municipios;1179;Prádena del Rincón;3.71;
2010;Municipios;1185;Puebla de la Sierra;4.47;
2010;Municipios;9020;Puentes Viejas;2.56;
2010;Municipios;1198;Quijorna;1.22;
2010;Municipios;1202;Rascafría;2.23;
2010;Municipios;1219;Redueña;0.02;
2010;Municipios;1224;Ribatejada;1.01;
2010;Municipios;1230;Rivas-Vaciamadrid;1.04;
2010;Municipios;1245;Robledillo de la Jara;-0.16;
2010;Municipios;1258;Robledo de Chavela;1.03;
2010;Municipios;1261;Robregordo;0.00;
2010;Municipios;1277;Rozas de Madrid (Las);0.87;
2010;Municipios;1283;Rozas de Puerto Real;4.83;
2010;Municipios;1296;San Agustín del Guadalix;0.88;
2010;Municipios;1300;San Fernando de Henares;0.74;
2010;Municipios;1317;San Lorenzo de El Escorial;0.54;
2010;Municipios;1322;San Martín de la Vega;2.29;
2010;Municipios;1338;San Martín de Valdeiglesias;1.61;
2010;Municipios;1343;San Sebastián de los Reyes;1.15;
2010;Municipios;1356;Santa María de la Alameda;2.68;
2010;Municipios;1369;Santorcaz;-0.45;
2010;Municipios;1375;Santos de la Humosa (Los);1.24;
2010;Municipios;1381;Serna del Monte (La);3.23;
2010;Municipios;1408;Serranillos del Valle;1.53;
2010;Municipios;1415;Sevilla la Nueva;1.18;
2010;Municipios;1436;Somosierra;4.86;
2010;Municipios;1441;Soto del Real;0.75;
2010;Municipios;1454;Talamanca de Jarama;0.60;
2010;Municipios;1467;Tielmes;2.27;
2010;Municipios;1473;Titulcia;3.37;
2010;Municipios;1489;Torrejón de Ardoz;1.48;
2010;Municipios;1492;Torrejón de la Calzada;1.22;
2010;Municipios;1505;Torrejón de Velasco;0.79;
2010;Municipios;1512;Torrelaguna;1.02;
2010;Municipios;1527;Torrelodones;0.66;
2010;Municipios;1533;Torremocha de Jarama;1.99;
2010;Municipios;1548;Torres de la Alameda;1.31;
2010;Municipios;9036;Tres Cantos;0.73;
2010;Municipios;1551;Valdaracete;-1.06;
2010;Municipios;1564;Valdeavero;2.71;
2010;Municipios;1570;Valdelaguna;3.25;
2010;Municipios;1586;Valdemanco;1.59;
2010;Municipios;1599;Valdemaqueda;1.89;
2010;Municipios;1603;Valdemorillo;1.14;
2010;Municipios;1610;Valdemoro;1.08;
2010;Municipios;1625;Valdeolmos-Alalpardo;1.14;
2010;Municipios;1631;Valdepiélagos;2.16;
2010;Municipios;1646;Valdetorres de Jarama;1.77;
2010;Municipios;1659;Valdilecha;1.77;
2010;Municipios;1662;Valverde de Alcalá;2.63;
2010;Municipios;1678;Velilla de San Antonio;1.05;
2010;Municipios;1684;Vellón (El);1.72;
2010;Municipios;1697;Venturada;1.16;
2010;Municipios;1718;Villa del Prado;0.68;
2010;Municipios;1701;Villaconejos;0.59;
2010;Municipios;1723;Villalbilla;1.41;
2010;Municipios;1739;Villamanrique de Tajo;2.17;
2010;Municipios;1744;Villamanta;1.68;
2010;Municipios;1757;Villamantilla;1.24;
2010;Municipios;1760;Villanueva de la Cañada;0.91;
2010;Municipios;1782;Villanueva de Perales;1.48;
2010;Municipios;1776;Villanueva del Pardillo;1.06;
2010;Municipios;1795;Villar del Olmo;2.76;
2010;Municipios;1809;Villarejo de Salvanés;2.14;
2010;Municipios;1816;Villaviciosa de Odón;0.47;
2010;Municipios;1821;Villavieja del Lozoya;0.47;
2010;Municipios;1837;Zarzalejo;2.07;
2010;Zonas Estadísticas;03;Este Metropolitano;1.11;
2010;Zonas Estadísticas;01;Municipio de Madrid;1.04;
2010;Zonas Estadísticas;07;Nordeste Comunidad;1.25;
2010;Zonas Estadísticas;02;Norte Metropolitano;1.05;
2010;Zonas Estadísticas;05;Oeste Metropolitano;0.81;
2010;Zonas Estadísticas;11;Sierra Central;0.90;
2010;Zonas Estadísticas;06;Sierra Norte;1.68;
2010;Zonas Estadísticas;10;Sierra Sur;2.02;
2010;Zonas Estadísticas;08;Sudeste Comunidad;1.81;
2010;Zonas Estadísticas;09;Sudoeste Comunidad;1.12;
2010;Zonas Estadísticas;04;Sur Metropolitano;1.19;
2011;Comunidad de Madrid;;Comunidad de Madrid;0.00;
2011;Municipios;0014;Acebeda (La);-2.02;
2011;Municipios;0029;Ajalvir;-0.34;
2011;Municipios;0035;Alameda del Valle;-0.62;
2011;Municipios;0040;Álamo (El);0.44;
2011;Municipios;0053;Alcalá de Henares;0.04;
2011;Municipios;0066;Alcobendas;0.04;
2011;Municipios;0072;Alcorcón;-0.08;
2011;Municipios;0088;Aldea del Fresno;-0.14;
2011;Municipios;0091;Algete;-0.23;
2011;Municipios;0105;Alpedrete;-0.13;
2011;Municipios;0112;Ambite;-0.13;
2011;Municipios;0127;Anchuelo;-2.28;
2011;Municipios;0133;Aranjuez;0.21;
2011;Municipios;0148;Arganda del Rey;-0.35;
2011;Municipios;0151;Arroyomolinos;0.28;
2011;Municipios;0164;Atazar (El);-4.90;
2011;Municipios;0170;Batres;-0.15;
2011;Municipios;0186;Becerril de la Sierra;0.64;
2011;Municipios;0199;Belmonte de Tajo;-0.16;
2011;Municipios;0210;Berrueco (El);0.35;
2011;Municipios;0203;Berzosa del Lozoya;1.60;
2011;Municipios;0225;Boadilla del Monte;-0.17;
2011;Municipios;0231;Boalo (El);0.09;
2011;Municipios;0246;Braojos;0.33;
2011;Municipios;0259;Brea de Tajo;-1.42;
2011;Municipios;0262;Brunete;0.21;
2011;Municipios;0278;Buitrago del Lozoya;1.99;
2011;Municipios;0284;Bustarviejo;-0.86;
2011;Municipios;0297;Cabanillas de la Sierra;0.87;
2011;Municipios;0301;Cabrera (La);0.87;
2011;Municipios;0318;Cadalso de los Vidrios;1.54;
2011;Municipios;0323;Camarma de Esteruelas;0.76;
2011;Municipios;0339;Campo Real;-0.65;
2011;Municipios;0344;Canencia;1.43;
2011;Municipios;0357;Carabaña;-0.78;
2011;Municipios;0360;Casarrubuelos;1.34;
2011;Municipios;0376;Cenicientos;1.55;
2011;Municipios;0382;Cercedilla;0.57;
2011;Municipios;0395;Cervera de Buitrago;-1.30;
2011;Municipios;0513;Chapinería;0.10;
2011;Municipios;0528;Chinchón;0.09;
2011;Municipios;0409;Ciempozuelos;-0.21;
2011;Municipios;0416;Cobeña;0.33;
2011;Municipios;0468;Collado Mediano;-0.26;
2011;Municipios;0474;Collado Villalba;0.00;
2011;Municipios;0437;Colmenar de Oreja;-0.38;
2011;Municipios;0421;Colmenar del Arroyo;0.76;
2011;Municipios;0455;Colmenar Viejo;-0.21;
2011;Municipios;0442;Colmenarejo;0.24;
2011;Municipios;0480;Corpa;-0.19;
2011;Municipios;0493;Coslada;-0.04;
2011;Municipios;0506;Cubas de la Sagra;0.36;
2011;Municipios;0534;Daganzo de Arriba;-0.27;
2011;Municipios;0549;Escorial (El);0.05;
2011;Municipios;0552;Estremera;0.09;
2011;Municipios;0565;Fresnedillas de la Oliva;0.23;
2011;Municipios;0571;Fresno de Torote;-0.74;
2011;Municipios;0587;Fuenlabrada;-0.21;
2011;Municipios;0590;Fuente el Saz de Jarama;0.20;
2011;Municipios;0604;Fuentidueña de Tajo;1.82;
2011;Municipios;0611;Galapagar;0.02;
2011;Municipios;0626;Garganta de los Montes;1.97;
2011;Municipios;0632;Gargantilla del Lozoya y Pinilla de Buitrago;0.78;
2011;Municipios;0647;Gascones;-2.17;
2011;Municipios;0650;Getafe;0.00;
2011;Municipios;0663;Griñón;0.10;
2011;Municipios;0679;Guadalix de la Sierra;0.08;
2011;Municipios;0685;Guadarrama;0.34;
2011;Municipios;0698;Hiruela (La);0.30;
2011;Municipios;0702;Horcajo de la Sierra-Aoslos;-4.79;
2011;Municipios;0719;Horcajuelo de la Sierra;-0.29;
2011;Municipios;0724;Hoyo de Manzanares;0.39;
2011;Municipios;0730;Humanes de Madrid;-0.14;
2011;Municipios;0745;Leganés;-0.01;
2011;Municipios;0758;Loeches;-0.03;
2011;Municipios;0761;Lozoya;-1.15;
2011;Municipios;9015;Lozoyuela-Navas-Sieteiglesias;-0.98;
2011;Municipios;0783;Madarcos;-2.55;
2011;Municipios;0796;Madrid;0.00;
2011;Municipios;0800;Majadahonda;-0.08;
2011;Municipios;0822;Manzanares el Real;-0.13;
2011;Municipios;0838;Meco;0.31;
2011;Municipios;0843;Mejorada del Campo;-0.01;
2011;Municipios;0856;Miraflores de la Sierra;0.94;
2011;Municipios;0869;Molar (El);-0.21;
2011;Municipios;0875;Molinos (Los);0.00;
2011;Municipios;0881;Montejo de la Sierra;-1.85;
2011;Municipios;0894;Moraleja de Enmedio;0.46;
2011;Municipios;0908;Moralzarzal;-0.33;
2011;Municipios;0915;Morata de Tajuña;-0.20;
2011;Municipios;0920;Móstoles;0.14;
2011;Municipios;0936;Navacerrada;0.01;
2011;Municipios;0941;Navalafuente;-1.69;
2011;Municipios;0954;Navalagamella;0.53;
2011;Municipios;0967;Navalcarnero;0.01;
2011;Municipios;0973;Navarredonda y San Mamés;1.19;
2011;Municipios;0992;Navas del Rey;-0.73;
2011;Municipios;1006;Nuevo Baztán;0.07;
2011;Municipios;1013;Olmeda de las Fuentes;0.55;
2011;Municipios;1028;Orusco de Tajuña;-0.62;
2011;Municipios;1049;Paracuellos de Jarama;-0.27;
2011;Municipios;1065;Parla;-0.28;
2011;Municipios;1071;Patones;-0.40;
2011;Municipios;1087;Pedrezuela;0.27;
2011;Municipios;1090;Pelayos de la Presa;0.32;
2011;Municipios;1104;Perales de Tajuña;0.78;
2011;Municipios;1111;Pezuela de las Torres;1.23;
2011;Municipios;1126;Pinilla del Valle;2.75;
2011;Municipios;1132;Pinto;-0.03;
2011;Municipios;1147;Piñuécar-Gandullas;0.11;
2011;Municipios;1150;Pozuelo de Alarcón;-0.03;
2011;Municipios;1163;Pozuelo del Rey;-0.37;
2011;Municipios;1179;Prádena del Rincón;-0.15;
2011;Municipios;1185;Puebla de la Sierra;-2.23;
2011;Municipios;9020;Puentes Viejas;-1.66;
2011;Municipios;1198;Quijorna;-0.40;
2011;Municipios;1202;Rascafría;-0.09;
2011;Municipios;1219;Redueña;-0.08;
2011;Municipios;1224;Ribatejada;-0.29;
2011;Municipios;1230;Rivas-Vaciamadrid;0.21;
2011;Municipios;1245;Robledillo de la Jara;-0.37;
2011;Municipios;1258;Robledo de Chavela;-0.57;
2011;Municipios;1261;Robregordo;4.42;
2011;Municipios;1277;Rozas de Madrid (Las);-0.08;
2011;Municipios;1283;Rozas de Puerto Real;-2.24;
2011;Municipios;1296;San Agustín del Guadalix;0.21;
2011;Municipios;1300;San Fernando de Henares;0.63;
2011;Municipios;1317;San Lorenzo de El Escorial;0.48;
2011;Municipios;1322;San Martín de la Vega;0.16;
2011;Municipios;1338;San Martín de Valdeiglesias;0.35;
2011;Municipios;1343;San Sebastián de los Reyes;-0.25;
2011;Municipios;1356;Santa María de la Alameda;-0.95;
2011;Municipios;1369;Santorcaz;2.24;
2011;Municipios;1375;Santos de la Humosa (Los);-0.51;
2011;Municipios;1381;Serna del Monte (La);-1.22;
2011;Municipios;1408;Serranillos del Valle;-0.90;
2011;Municipios;1415;Sevilla la Nueva;0.19;
2011;Municipios;1436;Somosierra;-1.62;
2011;Municipios;1441;Soto del Real;-0.19;
2011;Municipios;1454;Talamanca de Jarama;0.80;
2011;Municipios;1467;Tielmes;1.07;
2011;Municipios;1473;Titulcia;-0.13;
2011;Municipios;1489;Torrejón de Ardoz;-0.05;
2011;Municipios;1492;Torrejón de la Calzada;0.16;
2011;Municipios;1505;Torrejón de Velasco;0.48;
2011;Municipios;1512;Torrelaguna;0.10;
2011;Municipios;1527;Torrelodones;-0.26;
2011;Municipios;1533;Torremocha de Jarama;0.42;
2011;Municipios;1548;Torres de la Alameda;0.14;
2011;Municipios;9036;Tres Cantos;0.14;
2011;Municipios;1551;Valdaracete;-0.03;
2011;Municipios;1564;Valdeavero;0.08;
2011;Municipios;1570;Valdelaguna;-1.95;
2011;Municipios;1586;Valdemanco;0.28;
2011;Municipios;1599;Valdemaqueda;0.97;
2011;Municipios;1603;Valdemorillo;-0.02;
2011;Municipios;1610;Valdemoro;0.02;
2011;Municipios;1625;Valdeolmos-Alalpardo;-0.35;
2011;Municipios;1631;Valdepiélagos;-2.22;
2011;Municipios;1646;Valdetorres de Jarama;0.01;
2011;Municipios;1659;Valdilecha;1.12;
2011;Municipios;1662;Valverde de Alcalá;1.36;
2011;Municipios;1678;Velilla de San Antonio;-0.24;
2011;Municipios;1684;Vellón (El);-0.66;
2011;Municipios;1697;Venturada;0.21;
2011;Municipios;1718;Villa del Prado;0.72;
2011;Municipios;1701;Villaconejos;0.80;
2011;Municipios;1723;Villalbilla;-0.08;
2011;Municipios;1739;Villamanrique de Tajo;-0.96;
2011;Municipios;1744;Villamanta;0.26;
2011;Municipios;1757;Villamantilla;0.85;
2011;Municipios;1760;Villanueva de la Cañada;0.07;
2011;Municipios;1782;Villanueva de Perales;-0.08;
2011;Municipios;1776;Villanueva del Pardillo;-0.46;
2011;Municipios;1795;Villar del Olmo;0.32;
2011;Municipios;1809;Villarejo de Salvanés;-0.51;
2011;Municipios;1816;Villaviciosa de Odón;-0.35;
2011;Municipios;1821;Villavieja del Lozoya;-1.00;
2011;Municipios;1837;Zarzalejo;0.58;
2011;Zonas Estadísticas;03;Este Metropolitano;0.01;
2011;Zonas Estadísticas;01;Municipio de Madrid;0.00;
2011;Zonas Estadísticas;07;Nordeste Comunidad;0.06;
2011;Zonas Estadísticas;02;Norte Metropolitano;-0.06;
2011;Zonas Estadísticas;05;Oeste Metropolitano;-0.07;
2011;Zonas Estadísticas;11;Sierra Central;0.08;
2011;Zonas Estadísticas;06;Sierra Norte;0.03;
2011;Zonas Estadísticas;10;Sierra Sur;0.27;
2011;Zonas Estadísticas;08;Sudeste Comunidad;-0.04;
2011;Zonas Estadísticas;09;Sudoeste Comunidad;0.17;
2011;Zonas Estadísticas;04;Sur Metropolitano;-0.04;
2012;Comunidad de Madrid;;Comunidad de Madrid;0.74;
2012;Municipios;0014;Acebeda (La);2.78;
2012;Municipios;0029;Ajalvir;1.32;
2012;Municipios;0035;Alameda del Valle;0.50;
2012;Municipios;0040;Álamo (El);1.38;
2012;Municipios;0053;Alcalá de Henares;0.73;
2012;Municipios;0066;Alcobendas;0.62;
2012;Municipios;0072;Alcorcón;0.82;
2012;Municipios;0088;Aldea del Fresno;1.79;
2012;Municipios;0091;Algete;0.97;
2012;Municipios;0105;Alpedrete;1.12;
2012;Municipios;0112;Ambite;0.00;
2012;Municipios;0127;Anchuelo;1.70;
2012;Municipios;0133;Aranjuez;0.73;
2012;Municipios;0148;Arganda del Rey;1.28;
2012;Municipios;0151;Arroyomolinos;0.85;
2012;Municipios;0164;Atazar (El);8.82;
2012;Municipios;0170;Batres;1.45;
2012;Municipios;0186;Becerril de la Sierra;1.43;
2012;Municipios;0199;Belmonte de Tajo;-0.68;
2012;Municipios;0210;Berrueco (El);0.29;
2012;Municipios;0203;Berzosa del Lozoya;-0.24;
2012;Municipios;0225;Boadilla del Monte;0.28;
2012;Municipios;0231;Boalo (El);1.07;
2012;Municipios;0246;Braojos;0.68;
2012;Municipios;0259;Brea de Tajo;3.79;
2012;Municipios;0262;Brunete;0.82;
2012;Municipios;0278;Buitrago del Lozoya;-0.15;
2012;Municipios;0284;Bustarviejo;0.93;
2012;Municipios;0297;Cabanillas de la Sierra;-0.27;
2012;Municipios;0301;Cabrera (La);0.49;
2012;Municipios;0318;Cadalso de los Vidrios;2.54;
2012;Municipios;0323;Camarma de Esteruelas;0.63;
2012;Municipios;0339;Campo Real;1.12;
2012;Municipios;0344;Canencia;1.69;
2012;Municipios;0357;Carabaña;1.92;
2012;Municipios;0360;Casarrubuelos;0.46;
2012;Municipios;0376;Cenicientos;0.54;
2012;Municipios;0382;Cercedilla;1.01;
2012;Municipios;0395;Cervera de Buitrago;2.86;
2012;Municipios;0513;Chapinería;0.36;
2012;Municipios;0528;Chinchón;1.53;
2012;Municipios;0409;Ciempozuelos;1.19;
2012;Municipios;0416;Cobeña;1.07;
2012;Municipios;0468;Collado Mediano;1.98;
2012;Municipios;0474;Collado Villalba;1.17;
2012;Municipios;0437;Colmenar de Oreja;1.22;
2012;Municipios;0421;Colmenar del Arroyo;1.86;
2012;Municipios;0455;Colmenar Viejo;0.83;
2012;Municipios;0442;Colmenarejo;0.44;
2012;Municipios;0480;Corpa;4.37;
2012;Municipios;0493;Coslada;0.27;
2012;Municipios;0506;Cubas de la Sagra;0.87;
2012;Municipios;0534;Daganzo de Arriba;0.78;
2012;Municipios;0549;Escorial (El);0.98;
2012;Municipios;0552;Estremera;-0.05;
2012;Municipios;0565;Fresnedillas de la Oliva;2.51;
2012;Municipios;0571;Fresno de Torote;1.69;
2012;Municipios;0587;Fuenlabrada;0.80;
2012;Municipios;0590;Fuente el Saz de Jarama;1.41;
2012;Municipios;0604;Fuentidueña de Tajo;1.65;
2012;Municipios;0611;Galapagar;0.71;
2012;Municipios;0626;Garganta de los Montes;0.10;
2012;Municipios;0632;Gargantilla del Lozoya y Pinilla de Buitrago;1.56;
2012;Municipios;0647;Gascones;1.59;
2012;Municipios;0650;Getafe;0.67;
2012;Municipios;0663;Griñón;1.09;
2012;Municipios;0679;Guadalix de la Sierra;0.84;
2012;Municipios;0685;Guadarrama;0.45;
2012;Municipios;0698;Hiruela (La);-1.82;
2012;Municipios;0702;Horcajo de la Sierra-Aoslos;1.41;
2012;Municipios;0719;Horcajuelo de la Sierra;5.55;
2012;Municipios;0724;Hoyo de Manzanares;0.50;
2012;Municipios;0730;Humanes de Madrid;0.86;
2012;Municipios;0745;Leganés;0.82;
2012;Municipios;0758;Loeches;1.14;
2012;Municipios;0761;Lozoya;2.31;
2012;Municipios;9015;Lozoyuela-Navas-Sieteiglesias;2.48;
2012;Municipios;0783;Madarcos;5.86;
2012;Municipios;0796;Madrid;0.70;
2012;Municipios;0800;Majadahonda;0.54;
2012;Municipios;0822;Manzanares el Real;0.60;
2012;Municipios;0838;Meco;0.94;
2012;Municipios;0843;Mejorada del Campo;0.64;
2012;Municipios;0856;Miraflores de la Sierra;1.33;
2012;Municipios;0869;Molar (El);0.93;
2012;Municipios;0875;Molinos (Los);1.66;
2012;Municipios;0881;Montejo de la Sierra;0.60;
2012;Municipios;0894;Moraleja de Enmedio;1.01;
2012;Municipios;0908;Moralzarzal;1.18;
2012;Municipios;0915;Morata de Tajuña;2.22;
2012;Municipios;0920;Móstoles;0.86;
2012;Municipios;0936;Navacerrada;0.90;
2012;Municipios;0941;Navalafuente;3.00;
2012;Municipios;0954;Navalagamella;0.48;
2012;Municipios;0967;Navalcarnero;1.06;
2012;Municipios;0973;Navarredonda y San Mamés;-0.51;
2012;Municipios;0992;Navas del Rey;2.73;
2012;Municipios;1006;Nuevo Baztán;0.46;
2012;Municipios;1013;Olmeda de las Fuentes;-0.81;
2012;Municipios;1028;Orusco de Tajuña;2.21;
2012;Municipios;1049;Paracuellos de Jarama;0.86;
2012;Municipios;1065;Parla;1.11;
2012;Municipios;1071;Patones;1.29;
2012;Municipios;1087;Pedrezuela;1.07;
2012;Municipios;1090;Pelayos de la Presa;-0.26;
2012;Municipios;1104;Perales de Tajuña;2.30;
2012;Municipios;1111;Pezuela de las Torres;0.86;
2012;Municipios;1126;Pinilla del Valle;1.33;
2012;Municipios;1132;Pinto;0.83;
2012;Municipios;1147;Piñuécar-Gandullas;0.78;
2012;Municipios;1150;Pozuelo de Alarcón;0.28;
2012;Municipios;1163;Pozuelo del Rey;0.70;
2012;Municipios;1179;Prádena del Rincón;-2.22;
2012;Municipios;1185;Puebla de la Sierra;-0.83;
2012;Municipios;9020;Puentes Viejas;1.14;
2012;Municipios;1198;Quijorna;1.31;
2012;Municipios;1202;Rascafría;1.47;
2012;Municipios;1219;Redueña;1.55;
2012;Municipios;1224;Ribatejada;1.09;
2012;Municipios;1230;Rivas-Vaciamadrid;0.38;
2012;Municipios;1245;Robledillo de la Jara;3.66;
2012;Municipios;1258;Robledo de Chavela;1.91;
2012;Municipios;1261;Robregordo;1.63;
2012;Municipios;1277;Rozas de Madrid (Las);0.47;
2012;Municipios;1283;Rozas de Puerto Real;2.71;
2012;Municipios;1296;San Agustín del Guadalix;0.43;
2012;Municipios;1300;San Fernando de Henares;0.61;
2012;Municipios;1317;San Lorenzo de El Escorial;0.80;
2012;Municipios;1322;San Martín de la Vega;0.85;
2012;Municipios;1338;San Martín de Valdeiglesias;1.96;
2012;Municipios;1343;San Sebastián de los Reyes;0.67;
2012;Municipios;1356;Santa María de la Alameda;3.43;
2012;Municipios;1369;Santorcaz;0.77;
2012;Municipios;1375;Santos de la Humosa (Los);-0.14;
2012;Municipios;1381;Serna del Monte (La);1.79;
2012;Municipios;1408;Serranillos del Valle;1.91;
2012;Municipios;1415;Sevilla la Nueva;0.61;
2012;Municipios;1436;Somosierra;0.38;
2012;Municipios;1441;Soto del Real;0.71;
2012;Municipios;1454;Talamanca de Jarama;0.71;
2012;Municipios;1467;Tielmes;1.52;
2012;Municipios;1473;Titulcia;2.62;
2012;Municipios;1489;Torrejón de Ardoz;0.66;
2012;Municipios;1492;Torrejón de la Calzada;1.12;
2012;Municipios;1505;Torrejón de Velasco;1.18;
2012;Municipios;1512;Torrelaguna;1.36;
2012;Municipios;1527;Torrelodones;0.65;
2012;Municipios;1533;Torremocha de Jarama;1.01;
2012;Municipios;1548;Torres de la Alameda;0.83;
2012;Municipios;9036;Tres Cantos;0.34;
2012;Municipios;1551;Valdaracete;4.15;
2012;Municipios;1564;Valdeavero;-0.06;
2012;Municipios;1570;Valdelaguna;2.72;
2012;Municipios;1586;Valdemanco;0.58;
2012;Municipios;1599;Valdemaqueda;2.94;
2012;Municipios;1603;Valdemorillo;0.89;
2012;Municipios;1610;Valdemoro;0.55;
2012;Municipios;1625;Valdeolmos-Alalpardo;0.51;
2012;Municipios;1631;Valdepiélagos;2.50;
2012;Municipios;1646;Valdetorres de Jarama;1.13;
2012;Municipios;1659;Valdilecha;0.62;
2012;Municipios;1662;Valverde de Alcalá;-0.32;
2012;Municipios;1678;Velilla de San Antonio;1.14;
2012;Municipios;1684;Vellón (El);1.17;
2012;Municipios;1697;Venturada;0.91;
2012;Municipios;1718;Villa del Prado;2.30;
2012;Municipios;1701;Villaconejos;2.26;
2012;Municipios;1723;Villalbilla;0.43;
2012;Municipios;1739;Villamanrique de Tajo;3.35;
2012;Municipios;1744;Villamanta;2.42;
2012;Municipios;1757;Villamantilla;2.02;
2012;Municipios;1760;Villanueva de la Cañada;0.39;
2012;Municipios;1782;Villanueva de Perales;2.05;
2012;Municipios;1776;Villanueva del Pardillo;0.54;
2012;Municipios;1795;Villar del Olmo;-0.03;
2012;Municipios;1809;Villarejo de Salvanés;0.58;
2012;Municipios;1816;Villaviciosa de Odón;0.52;
2012;Municipios;1821;Villavieja del Lozoya;2.45;
2012;Municipios;1837;Zarzalejo;0.83;
2012;Zonas Estadísticas;03;Este Metropolitano;0.65;
2012;Zonas Estadísticas;01;Municipio de Madrid;0.70;
2012;Zonas Estadísticas;07;Nordeste Comunidad;0.91;
2012;Zonas Estadísticas;02;Norte Metropolitano;0.65;
2012;Zonas Estadísticas;05;Oeste Metropolitano;0.55;
2012;Zonas Estadísticas;11;Sierra Central;0.92;
2012;Zonas Estadísticas;06;Sierra Norte;1.09;
2012;Zonas Estadísticas;10;Sierra Sur;1.66;
2012;Zonas Estadísticas;08;Sudeste Comunidad;1.14;
2012;Zonas Estadísticas;09;Sudoeste Comunidad;1.13;
2012;Zonas Estadísticas;04;Sur Metropolitano;0.82;
2013;Comunidad de Madrid;;Comunidad de Madrid;0.63;
2013;Municipios;0014;Acebeda (La);2.71;
2013;Municipios;0029;Ajalvir;0.04;
2013;Municipios;0035;Alameda del Valle;-1.36;
2013;Municipios;0040;Álamo (El);0.81;
2013;Municipios;0053;Alcalá de Henares;0.62;
2013;Municipios;0066;Alcobendas;0.40;
2013;Municipios;0072;Alcorcón;0.74;
2013;Municipios;0088;Aldea del Fresno;1.36;
2013;Municipios;0091;Algete;0.72;
2013;Municipios;0105;Alpedrete;0.07;
2013;Municipios;0112;Ambite;0.43;
2013;Municipios;0127;Anchuelo;1.47;
2013;Municipios;0133;Aranjuez;0.75;
2013;Municipios;0148;Arganda del Rey;0.49;
2013;Municipios;0151;Arroyomolinos;0.91;
2013;Municipios;0164;Atazar (El);-0.11;
2013;Municipios;0170;Batres;0.93;
2013;Municipios;0186;Becerril de la Sierra;0.66;
2013;Municipios;0199;Belmonte de Tajo;2.69;
2013;Municipios;0210;Berrueco (El);1.36;
2013;Municipios;0203;Berzosa del Lozoya;2.71;
2013;Municipios;0225;Boadilla del Monte;0.41;
2013;Municipios;0231;Boalo (El);0.41;
2013;Municipios;0246;Braojos;1.19;
2013;Municipios;0259;Brea de Tajo;-2.12;
2013;Municipios;0262;Brunete;0.47;
2013;Municipios;0278;Buitrago del Lozoya;0.74;
2013;Municipios;0284;Bustarviejo;0.75;
2013;Municipios;0297;Cabanillas de la Sierra;2.36;
2013;Municipios;0301;Cabrera (La);-0.58;
2013;Municipios;0318;Cadalso de los Vidrios;-0.04;
2013;Municipios;0323;Camarma de Esteruelas;1.10;
2013;Municipios;0339;Campo Real;0.62;
2013;Municipios;0344;Canencia;-1.22;
2013;Municipios;0357;Carabaña;1.05;
2013;Municipios;0360;Casarrubuelos;1.43;
2013;Municipios;0376;Cenicientos;2.79;
2013;Municipios;0382;Cercedilla;0.54;
2013;Municipios;0395;Cervera de Buitrago;3.48;
2013;Municipios;0513;Chapinería;2.90;
2013;Municipios;0528;Chinchón;0.69;
2013;Municipios;0409;Ciempozuelos;0.35;
2013;Municipios;0416;Cobeña;0.35;
2013;Municipios;0468;Collado Mediano;-0.20;
2013;Municipios;0474;Collado Villalba;0.23;
2013;Municipios;0437;Colmenar de Oreja;0.75;
2013;Municipios;0421;Colmenar del Arroyo;1.03;
2013;Municipios;0455;Colmenar Viejo;0.60;
2013;Municipios;0442;Colmenarejo;0.22;
2013;Municipios;0480;Corpa;-3.07;
2013;Municipios;0493;Coslada;0.74;
2013;Municipios;0506;Cubas de la Sagra;1.31;
2013;Municipios;0534;Daganzo de Arriba;1.08;
2013;Municipios;0549;Escorial (El);0.31;
2013;Municipios;0552;Estremera;1.86;
2013;Municipios;0565;Fresnedillas de la Oliva;0.31;
2013;Municipios;0571;Fresno de Torote;0.26;
2013;Municipios;0587;Fuenlabrada;1.36;
2013;Municipios;0590;Fuente el Saz de Jarama;0.05;
2013;Municipios;0604;Fuentidueña de Tajo;-0.32;
2013;Municipios;0611;Galapagar;0.43;
2013;Municipios;0626;Garganta de los Montes;1.35;
2013;Municipios;0632;Gargantilla del Lozoya y Pinilla de Buitrago;0.30;
2013;Municipios;0647;Gascones;-0.72;
2013;Municipios;0650;Getafe;0.83;
2013;Municipios;0663;Griñón;0.69;
2013;Municipios;0679;Guadalix de la Sierra;1.54;
2013;Municipios;0685;Guadarrama;0.72;
2013;Municipios;0698;Hiruela (La);0.00;
2013;Municipios;0702;Horcajo de la Sierra-Aoslos;0.53;
2013;Municipios;0719;Horcajuelo de la Sierra;-4.82;
2013;Municipios;0724;Hoyo de Manzanares;0.04;
2013;Municipios;0730;Humanes de Madrid;1.30;
2013;Municipios;0745;Leganés;0.90;
2013;Municipios;0758;Loeches;0.60;
2013;Municipios;0761;Lozoya;-0.35;
2013;Municipios;9015;Lozoyuela-Navas-Sieteiglesias;-0.71;
2013;Municipios;0783;Madarcos;1.48;
2013;Municipios;0796;Madrid;0.57;
2013;Municipios;0800;Majadahonda;0.16;
2013;Municipios;0822;Manzanares el Real;0.63;
2013;Municipios;0838;Meco;0.57;
2013;Municipios;0843;Mejorada del Campo;0.68;
2013;Municipios;0856;Miraflores de la Sierra;1.17;
2013;Municipios;0869;Molar (El);0.32;
2013;Municipios;0875;Molinos (Los);0.16;
2013;Municipios;0881;Montejo de la Sierra;-0.62;
2013;Municipios;0894;Moraleja de Enmedio;1.15;
2013;Municipios;0908;Moralzarzal;0.13;
2013;Municipios;0915;Morata de Tajuña;0.93;
2013;Municipios;0920;Móstoles;1.01;
2013;Municipios;0936;Navacerrada;0.61;
2013;Municipios;0941;Navalafuente;-0.28;
2013;Municipios;0954;Navalagamella;-0.44;
2013;Municipios;0967;Navalcarnero;0.99;
2013;Municipios;0973;Navarredonda y San Mamés;2.85;
2013;Municipios;0992;Navas del Rey;0.95;
2013;Municipios;1006;Nuevo Baztán;0.88;
2013;Municipios;1013;Olmeda de las Fuentes;1.14;
2013;Municipios;1028;Orusco de Tajuña;0.76;
2013;Municipios;1049;Paracuellos de Jarama;0.11;
2013;Municipios;1065;Parla;0.56;
2013;Municipios;1071;Patones;-0.37;
2013;Municipios;1087;Pedrezuela;0.38;
2013;Municipios;1090;Pelayos de la Presa;1.47;
2013;Municipios;1104;Perales de Tajuña;-0.27;
2013;Municipios;1111;Pezuela de las Torres;-0.40;
2013;Municipios;1126;Pinilla del Valle;-0.29;
2013;Municipios;1132;Pinto;0.87;
2013;Municipios;1147;Piñuécar-Gandullas;1.95;
2013;Municipios;1150;Pozuelo de Alarcón;0.16;
2013;Municipios;1163;Pozuelo del Rey;0.74;
2013;Municipios;1179;Prádena del Rincón;1.64;
2013;Municipios;1185;Puebla de la Sierra;7.45;
2013;Municipios;9020;Puentes Viejas;-0.25;
2013;Municipios;1198;Quijorna;0.95;
2013;Municipios;1202;Rascafría;-0.50;
2013;Municipios;1219;Redueña;0.17;
2013;Municipios;1224;Ribatejada;-0.01;
2013;Municipios;1230;Rivas-Vaciamadrid;0.65;
2013;Municipios;1245;Robledillo de la Jara;5.20;
2013;Municipios;1258;Robledo de Chavela;0.60;
2013;Municipios;1261;Robregordo;-2.69;
2013;Municipios;1277;Rozas de Madrid (Las);0.41;
2013;Municipios;1283;Rozas de Puerto Real;-0.18;
2013;Municipios;1296;San Agustín del Guadalix;0.78;
2013;Municipios;1300;San Fernando de Henares;0.87;
2013;Municipios;1317;San Lorenzo de El Escorial;0.39;
2013;Municipios;1322;San Martín de la Vega;0.55;
2013;Municipios;1338;San Martín de Valdeiglesias;1.08;
2013;Municipios;1343;San Sebastián de los Reyes;0.67;
2013;Municipios;1356;Santa María de la Alameda;-0.70;
2013;Municipios;1369;Santorcaz;-0.42;
2013;Municipios;1375;Santos de la Humosa (Los);1.49;
2013;Municipios;1381;Serna del Monte (La);1.02;
2013;Municipios;1408;Serranillos del Valle;1.00;
2013;Municipios;1415;Sevilla la Nueva;1.16;
2013;Municipios;1436;Somosierra;-0.56;
2013;Municipios;1441;Soto del Real;0.78;
2013;Municipios;1454;Talamanca de Jarama;1.42;
2013;Municipios;1467;Tielmes;2.26;
2013;Municipios;1473;Titulcia;-0.82;
2013;Municipios;1489;Torrejón de Ardoz;1.05;
2013;Municipios;1492;Torrejón de la Calzada;0.44;
2013;Municipios;1505;Torrejón de Velasco;1.02;
2013;Municipios;1512;Torrelaguna;-0.78;
2013;Municipios;1527;Torrelodones;0.36;
2013;Municipios;1533;Torremocha de Jarama;-0.58;
2013;Municipios;1548;Torres de la Alameda;0.77;
2013;Municipios;9036;Tres Cantos;0.57;
2013;Municipios;1551;Valdaracete;0.51;
2013;Municipios;1564;Valdeavero;0.48;
2013;Municipios;1570;Valdelaguna;0.93;
2013;Municipios;1586;Valdemanco;0.24;
2013;Municipios;1599;Valdemaqueda;-0.43;
2013;Municipios;1603;Valdemorillo;-0.05;
2013;Municipios;1610;Valdemoro;0.50;
2013;Municipios;1625;Valdeolmos-Alalpardo;0.58;
2013;Municipios;1631;Valdepiélagos;3.44;
2013;Municipios;1646;Valdetorres de Jarama;1.09;
2013;Municipios;1659;Valdilecha;0.93;
2013;Municipios;1662;Valverde de Alcalá;1.10;
2013;Municipios;1678;Velilla de San Antonio;0.32;
2013;Municipios;1684;Vellón (El);0.82;
2013;Municipios;1697;Venturada;0.36;
2013;Municipios;1718;Villa del Prado;1.17;
2013;Municipios;1701;Villaconejos;0.47;
2013;Municipios;1723;Villalbilla;1.05;
2013;Municipios;1739;Villamanrique de Tajo;-1.30;
2013;Municipios;1744;Villamanta;0.12;
2013;Municipios;1757;Villamantilla;3.50;
2013;Municipios;1760;Villanueva de la Cañada;0.02;
2013;Municipios;1782;Villanueva de Perales;1.68;
2013;Municipios;1776;Villanueva del Pardillo;0.06;
2013;Municipios;1795;Villar del Olmo;0.65;
2013;Municipios;1809;Villarejo de Salvanés;0.62;
2013;Municipios;1816;Villaviciosa de Odón;0.28;
2013;Municipios;1821;Villavieja del Lozoya;1.34;
2013;Municipios;1837;Zarzalejo;0.59;
2013;Zonas Estadísticas;03;Este Metropolitano;0.69;
2013;Zonas Estadísticas;01;Municipio de Madrid;0.57;
2013;Zonas Estadísticas;07;Nordeste Comunidad;0.71;
2013;Zonas Estadísticas;02;Norte Metropolitano;0.55;
2013;Zonas Estadísticas;05;Oeste Metropolitano;0.27;
2013;Zonas Estadísticas;11;Sierra Central;0.34;
2013;Zonas Estadísticas;06;Sierra Norte;0.36;
2013;Zonas Estadísticas;10;Sierra Sur;0.87;
2013;Zonas Estadísticas;08;Sudeste Comunidad;0.73;
2013;Zonas Estadísticas;09;Sudoeste Comunidad;0.95;
2013;Zonas Estadísticas;04;Sur Metropolitano;0.88;
2014;Comunidad de Madrid;;Comunidad de Madrid;-0.33;
2014;Municipios;0014;Acebeda (La);-2.99;
2014;Municipios;0029;Ajalvir;-0.55;
2014;Municipios;0035;Alameda del Valle;-0.24;
2014;Municipios;0040;Álamo (El);-0.81;
2014;Municipios;0053;Alcalá de Henares;-0.02;
2014;Municipios;0066;Alcobendas;-0.51;
2014;Municipios;0072;Alcorcón;-0.68;
2014;Municipios;0088;Aldea del Fresno;-1.12;
2014;Municipios;0091;Algete;-0.61;
2014;Municipios;0105;Alpedrete;-0.38;
2014;Municipios;0112;Ambite;0.44;
2014;Municipios;0127;Anchuelo;-0.02;
2014;Municipios;0133;Aranjuez;-0.62;
2014;Municipios;0148;Arganda del Rey;0.44;
2014;Municipios;0151;Arroyomolinos;-0.48;
2014;Municipios;0164;Atazar (El);-0.43;
2014;Municipios;0170;Batres;-1.86;
2014;Municipios;0186;Becerril de la Sierra;-1.46;
2014;Municipios;0199;Belmonte de Tajo;-2.26;
2014;Municipios;0210;Berrueco (El);-1.12;
2014;Municipios;0203;Berzosa del Lozoya;-2.00;
2014;Municipios;0225;Boadilla del Monte;0.05;
2014;Municipios;0231;Boalo (El);-0.34;
2014;Municipios;0246;Braojos;-3.49;
2014;Municipios;0259;Brea de Tajo;-0.26;
2014;Municipios;0262;Brunete;-0.81;
2014;Municipios;0278;Buitrago del Lozoya;-0.41;
2014;Municipios;0284;Bustarviejo;-1.21;
2014;Municipios;0297;Cabanillas de la Sierra;-0.95;
2014;Municipios;0301;Cabrera (La);-0.18;
2014;Municipios;0318;Cadalso de los Vidrios;-1.47;
2014;Municipios;0323;Camarma de Esteruelas;-0.74;
2014;Municipios;0339;Campo Real;-0.54;
2014;Municipios;0344;Canencia;-0.52;
2014;Municipios;0357;Carabaña;0.36;
2014;Municipios;0360;Casarrubuelos;-1.23;
2014;Municipios;0376;Cenicientos;-0.31;
2014;Municipios;0382;Cercedilla;-0.48;
2014;Municipios;0395;Cervera de Buitrago;3.30;
2014;Municipios;0513;Chapinería;-2.50;
2014;Municipios;0528;Chinchón;-1.40;
2014;Municipios;0409;Ciempozuelos;-0.46;
2014;Municipios;0416;Cobeña;0.53;
2014;Municipios;0468;Collado Mediano;-0.71;
2014;Municipios;0474;Collado Villalba;-0.46;
2014;Municipios;0437;Colmenar de Oreja;-0.31;
2014;Municipios;0421;Colmenar del Arroyo;-1.71;
2014;Municipios;0455;Colmenar Viejo;-0.45;
2014;Municipios;0442;Colmenarejo;0.19;
2014;Municipios;0480;Corpa;-0.67;
2014;Municipios;0493;Coslada;-0.13;
2014;Municipios;0506;Cubas de la Sagra;-1.52;
2014;Municipios;0534;Daganzo de Arriba;-0.55;
2014;Municipios;0549;Escorial (El);-0.61;
2014;Municipios;0552;Estremera;-0.48;
2014;Municipios;0565;Fresnedillas de la Oliva;-0.64;
2014;Municipios;0571;Fresno de Torote;0.16;
2014;Municipios;0587;Fuenlabrada;-0.46;
2014;Municipios;0590;Fuente el Saz de Jarama;-0.59;
2014;Municipios;0604;Fuentidueña de Tajo;-0.29;
2014;Municipios;0611;Galapagar;-0.16;
2014;Municipios;0626;Garganta de los Montes;-2.28;
2014;Municipios;0632;Gargantilla del Lozoya y Pinilla de Buitrago;-0.39;
2014;Municipios;0647;Gascones;-2.94;
2014;Municipios;0650;Getafe;-0.45;
2014;Municipios;0663;Griñón;-1.02;
2014;Municipios;0679;Guadalix de la Sierra;-0.24;
2014;Municipios;0685;Guadarrama;-0.32;
2014;Municipios;0698;Hiruela (La);0.00;
2014;Municipios;0702;Horcajo de la Sierra-Aoslos;-0.33;
2014;Municipios;0719;Horcajuelo de la Sierra;-0.90;
2014;Municipios;0724;Hoyo de Manzanares;0.22;
2014;Municipios;0730;Humanes de Madrid;-1.31;
2014;Municipios;0745;Leganés;-0.66;
2014;Municipios;0758;Loeches;-0.83;
2014;Municipios;0761;Lozoya;-0.07;
2014;Municipios;9015;Lozoyuela-Navas-Sieteiglesias;-0.26;
2014;Municipios;0783;Madarcos;-2.40;
2014;Municipios;0796;Madrid;-0.23;
2014;Municipios;0800;Majadahonda;-0.22;
2014;Municipios;0822;Manzanares el Real;-0.17;
2014;Municipios;0838;Meco;-1.05;
2014;Municipios;0843;Mejorada del Campo;-0.09;
2014;Municipios;0856;Miraflores de la Sierra;-0.99;
2014;Municipios;0869;Molar (El);0.34;
2014;Municipios;0875;Molinos (Los);0.68;
2014;Municipios;0881;Montejo de la Sierra;1.33;
2014;Municipios;0894;Moraleja de Enmedio;-0.86;
2014;Municipios;0908;Moralzarzal;-0.74;
2014;Municipios;0915;Morata de Tajuña;-1.14;
2014;Municipios;0920;Móstoles;-0.59;
2014;Municipios;0936;Navacerrada;0.04;
2014;Municipios;0941;Navalafuente;-1.28;
2014;Municipios;0954;Navalagamella;0.86;
2014;Municipios;0967;Navalcarnero;-0.75;
2014;Municipios;0973;Navarredonda y San Mamés;-2.39;
2014;Municipios;0992;Navas del Rey;-0.93;
2014;Municipios;1006;Nuevo Baztán;0.21;
2014;Municipios;1013;Olmeda de las Fuentes;-0.47;
2014;Municipios;1028;Orusco de Tajuña;-0.98;
2014;Municipios;1049;Paracuellos de Jarama;-0.48;
2014;Municipios;1065;Parla;-0.58;
2014;Municipios;1071;Patones;-1.44;
2014;Municipios;1087;Pedrezuela;-0.61;
2014;Municipios;1090;Pelayos de la Presa;-2.16;
2014;Municipios;1104;Perales de Tajuña;-0.80;
2014;Municipios;1111;Pezuela de las Torres;-0.71;
2014;Municipios;1126;Pinilla del Valle;1.65;
2014;Municipios;1132;Pinto;-0.49;
2014;Municipios;1147;Piñuécar-Gandullas;-3.28;
2014;Municipios;1150;Pozuelo de Alarcón;-0.20;
2014;Municipios;1163;Pozuelo del Rey;-0.02;
2014;Municipios;1179;Prádena del Rincón;1.88;
2014;Municipios;1185;Puebla de la Sierra;0.75;
2014;Municipios;9020;Puentes Viejas;2.09;
2014;Municipios;1198;Quijorna;-0.36;
2014;Municipios;1202;Rascafría;-0.25;
2014;Municipios;1219;Redueña;0.43;
2014;Municipios;1224;Ribatejada;1.40;
2014;Municipios;1230;Rivas-Vaciamadrid;-0.14;
2014;Municipios;1245;Robledillo de la Jara;-2.07;
2014;Municipios;1258;Robledo de Chavela;-1.23;
2014;Municipios;1261;Robregordo;4.62;
2014;Municipios;1277;Rozas de Madrid (Las);-0.43;
2014;Municipios;1283;Rozas de Puerto Real;-2.05;
2014;Municipios;1296;San Agustín del Guadalix;-0.35;
2014;Municipios;1300;San Fernando de Henares;-0.01;
2014;Municipios;1317;San Lorenzo de El Escorial;-0.27;
2014;Municipios;1322;San Martín de la Vega;-0.27;
2014;Municipios;1338;San Martín de Valdeiglesias;-2.28;
2014;Municipios;1343;San Sebastián de los Reyes;-0.30;
2014;Municipios;1356;Santa María de la Alameda;-0.73;
2014;Municipios;1369;Santorcaz;0.17;
2014;Municipios;1375;Santos de la Humosa (Los);-0.84;
2014;Municipios;1381;Serna del Monte (La);-1.17;
2014;Municipios;1408;Serranillos del Valle;0.01;
2014;Municipios;1415;Sevilla la Nueva;-0.69;
2014;Municipios;1436;Somosierra;-0.98;
2014;Municipios;1441;Soto del Real;-0.22;
2014;Municipios;1454;Talamanca de Jarama;-1.73;
2014;Municipios;1467;Tielmes;-1.16;
2014;Municipios;1473;Titulcia;-1.91;
2014;Municipios;1489;Torrejón de Ardoz;-0.52;
2014;Municipios;1492;Torrejón de la Calzada;-0.98;
2014;Municipios;1505;Torrejón de Velasco;0.03;
2014;Municipios;1512;Torrelaguna;-0.29;
2014;Municipios;1527;Torrelodones;-0.25;
2014;Municipios;1533;Torremocha de Jarama;-1.25;
2014;Municipios;1548;Torres de la Alameda;-0.61;
2014;Municipios;9036;Tres Cantos;-0.36;
2014;Municipios;1551;Valdaracete;-0.52;
2014;Municipios;1564;Valdeavero;0.47;
2014;Municipios;1570;Valdelaguna;-2.45;
2014;Municipios;1586;Valdemanco;-0.11;
2014;Municipios;1599;Valdemaqueda;-2.16;
2014;Municipios;1603;Valdemorillo;-0.34;
2014;Municipios;1610;Valdemoro;-0.42;
2014;Municipios;1625;Valdeolmos-Alalpardo;0.61;
2014;Municipios;1631;Valdepiélagos;-2.08;
2014;Municipios;1646;Valdetorres de Jarama;-0.87;
2014;Municipios;1659;Valdilecha;0.01;
2014;Municipios;1662;Valverde de Alcalá;-0.37;
2014;Municipios;1678;Velilla de San Antonio;-0.55;
2014;Municipios;1684;Vellón (El);0.72;
2014;Municipios;1697;Venturada;-0.25;
2014;Municipios;1718;Villa del Prado;-1.11;
2014;Municipios;1701;Villaconejos;-1.50;
2014;Municipios;1723;Villalbilla;-0.91;
2014;Municipios;1739;Villamanrique de Tajo;-1.23;
2014;Municipios;1744;Villamanta;-0.05;
2014;Municipios;1757;Villamantilla;-2.04;
2014;Municipios;1760;Villanueva de la Cañada;-0.40;
2014;Municipios;1782;Villanueva de Perales;-0.73;
2014;Municipios;1776;Villanueva del Pardillo;0.11;
2014;Municipios;1795;Villar del Olmo;-0.97;
2014;Municipios;1809;Villarejo de Salvanés;-0.07;
2014;Municipios;1816;Villaviciosa de Odón;-0.29;
2014;Municipios;1821;Villavieja del Lozoya;-2.49;
2014;Municipios;1837;Zarzalejo;-1.42;
2014;Zonas Estadísticas;03;Este Metropolitano;-0.14;
2014;Zonas Estadísticas;01;Municipio de Madrid;-0.23;
2014;Zonas Estadísticas;07;Nordeste Comunidad;-0.52;
2014;Zonas Estadísticas;02;Norte Metropolitano;-0.40;
2014;Zonas Estadísticas;05;Oeste Metropolitano;-0.28;
2014;Zonas Estadísticas;11;Sierra Central;-0.35;
2014;Zonas Estadísticas;06;Sierra Norte;-0.42;
2014;Zonas Estadísticas;10;Sierra Sur;-1.47;
2014;Zonas Estadísticas;08;Sudeste Comunidad;-0.69;
2014;Zonas Estadísticas;09;Sudoeste Comunidad;-0.78;
2014;Zonas Estadísticas;04;Sur Metropolitano;-0.57;
2015;Comunidad de Madrid;;Comunidad de Madrid;-0.65;
2015;Municipios;0014;Acebeda (La);-1.26;
2015;Municipios;0029;Ajalvir;0.25;
2015;Municipios;0035;Alameda del Valle;0.19;
2015;Municipios;0040;Álamo (El);-0.70;
2015;Municipios;0053;Alcalá de Henares;-1.08;
2015;Municipios;0066;Alcobendas;-0.64;
2015;Municipios;0072;Alcorcón;-0.59;
2015;Municipios;0088;Aldea del Fresno;-0.35;
2015;Municipios;0091;Algete;-0.71;
2015;Municipios;0105;Alpedrete;-0.32;
2015;Municipios;0112;Ambite;0.44;
2015;Municipios;0127;Anchuelo;-1.80;
2015;Municipios;0133;Aranjuez;-0.74;
2015;Municipios;0148;Arganda del Rey;-0.98;
2015;Municipios;0151;Arroyomolinos;-0.87;
2015;Municipios;0164;Atazar (El);-2.89;
2015;Municipios;0170;Batres;-0.75;
2015;Municipios;0186;Becerril de la Sierra;-0.61;
2015;Municipios;0199;Belmonte de Tajo;-1.33;
2015;Municipios;0210;Berrueco (El);1.53;
2015;Municipios;0203;Berzosa del Lozoya;4.51;
2015;Municipios;0225;Boadilla del Monte;-0.66;
2015;Municipios;0231;Boalo (El);-0.34;
2015;Municipios;0246;Braojos;-0.12;
2015;Municipios;0259;Brea de Tajo;-0.94;
2015;Municipios;0262;Brunete;-0.40;
2015;Municipios;0278;Buitrago del Lozoya;-0.73;
2015;Municipios;0284;Bustarviejo;-1.04;
2015;Municipios;0297;Cabanillas de la Sierra;-1.38;
2015;Municipios;0301;Cabrera (La);-0.95;
2015;Municipios;0318;Cadalso de los Vidrios;-0.44;
2015;Municipios;0323;Camarma de Esteruelas;-0.97;
2015;Municipios;0339;Campo Real;-0.77;
2015;Municipios;0344;Canencia;-1.33;
2015;Municipios;0357;Carabaña;-1.99;
2015;Municipios;0360;Casarrubuelos;-0.73;
2015;Municipios;0376;Cenicientos;-1.60;
2015;Municipios;0382;Cercedilla;-0.46;
2015;Municipios;0395;Cervera de Buitrago;-6.37;
2015;Municipios;0513;Chapinería;-0.61;
2015;Municipios;0528;Chinchón;-0.59;
2015;Municipios;0409;Ciempozuelos;-1.03;
2015;Municipios;0416;Cobeña;-1.72;
2015;Municipios;0468;Collado Mediano;-0.09;
2015;Municipios;0474;Collado Villalba;-0.81;
2015;Municipios;0437;Colmenar de Oreja;-0.51;
2015;Municipios;0421;Colmenar del Arroyo;-1.54;
2015;Municipios;0455;Colmenar Viejo;-0.82;
2015;Municipios;0442;Colmenarejo;-0.67;
2015;Municipios;0480;Corpa;-1.01;
2015;Municipios;0493;Coslada;-0.75;
2015;Municipios;0506;Cubas de la Sagra;-0.81;
2015;Municipios;0534;Daganzo de Arriba;-0.72;
2015;Municipios;0549;Escorial (El);-0.35;
2015;Municipios;0552;Estremera;0.01;
2015;Municipios;0565;Fresnedillas de la Oliva;-0.91;
2015;Municipios;0571;Fresno de Torote;0.09;
2015;Municipios;0587;Fuenlabrada;-1.21;
2015;Municipios;0590;Fuente el Saz de Jarama;-0.94;
2015;Municipios;0604;Fuentidueña de Tajo;-1.36;
2015;Municipios;0611;Galapagar;-0.97;
2015;Municipios;0626;Garganta de los Montes;0.39;
2015;Municipios;0632;Gargantilla del Lozoya y Pinilla de Buitrago;-0.85;
2015;Municipios;0647;Gascones;0.10;
2015;Municipios;0650;Getafe;-0.79;
2015;Municipios;0663;Griñón;-0.28;
2015;Municipios;0679;Guadalix de la Sierra;-0.85;
2015;Municipios;0685;Guadarrama;-0.65;
2015;Municipios;0698;Hiruela (La);0.00;
2015;Municipios;0702;Horcajo de la Sierra-Aoslos;0.07;
2015;Municipios;0719;Horcajuelo de la Sierra;3.07;
2015;Municipios;0724;Hoyo de Manzanares;-0.86;
2015;Municipios;0730;Humanes de Madrid;-1.20;
2015;Municipios;0745;Leganés;-0.81;
2015;Municipios;0758;Loeches;-1.23;
2015;Municipios;0761;Lozoya;0.13;
2015;Municipios;9015;Lozoyuela-Navas-Sieteiglesias;0.20;
2015;Municipios;0783;Madarcos;-4.07;
2015;Municipios;0796;Madrid;-0.47;
2015;Municipios;0800;Majadahonda;-0.47;
2015;Municipios;0822;Manzanares el Real;-0.97;
2015;Municipios;0838;Meco;-1.31;
2015;Municipios;0843;Mejorada del Campo;-1.32;
2015;Municipios;0856;Miraflores de la Sierra;-0.17;
2015;Municipios;0869;Molar (El);-0.64;
2015;Municipios;0875;Molinos (Los);-0.39;
2015;Municipios;0881;Montejo de la Sierra;-0.69;
2015;Municipios;0894;Moraleja de Enmedio;-1.77;
2015;Municipios;0908;Moralzarzal;-0.98;
2015;Municipios;0915;Morata de Tajuña;-1.20;
2015;Municipios;0920;Móstoles;-1.12;
2015;Municipios;0936;Navacerrada;-1.14;
2015;Municipios;0941;Navalafuente;-1.32;
2015;Municipios;0954;Navalagamella;-0.84;
2015;Municipios;0967;Navalcarnero;-0.77;
2015;Municipios;0973;Navarredonda y San Mamés;1.93;
2015;Municipios;0992;Navas del Rey;0.25;
2015;Municipios;1006;Nuevo Baztán;-1.22;
2015;Municipios;1013;Olmeda de las Fuentes;-1.26;
2015;Municipios;1028;Orusco de Tajuña;-2.23;
2015;Municipios;1049;Paracuellos de Jarama;-0.45;
2015;Municipios;1065;Parla;-1.25;
2015;Municipios;1071;Patones;0.25;
2015;Municipios;1087;Pedrezuela;-1.03;
2015;Municipios;1090;Pelayos de la Presa;-0.02;
2015;Municipios;1104;Perales de Tajuña;-0.05;
2015;Municipios;1111;Pezuela de las Torres;-2.40;
2015;Municipios;1126;Pinilla del Valle;-2.27;
2015;Municipios;1132;Pinto;-0.88;
2015;Municipios;1147;Piñuécar-Gandullas;1.04;
2015;Municipios;1150;Pozuelo de Alarcón;-0.37;
2015;Municipios;1163;Pozuelo del Rey;-2.69;
2015;Municipios;1179;Prádena del Rincón;-6.51;
2015;Municipios;1185;Puebla de la Sierra;-2.29;
2015;Municipios;9020;Puentes Viejas;-1.12;
2015;Municipios;1198;Quijorna;-1.03;
2015;Municipios;1202;Rascafría;1.72;
2015;Municipios;1219;Redueña;0.25;
2015;Municipios;1224;Ribatejada;0.57;
2015;Municipios;1230;Rivas-Vaciamadrid;-0.65;
2015;Municipios;1245;Robledillo de la Jara;0.32;
2015;Municipios;1258;Robledo de Chavela;-0.08;
2015;Municipios;1261;Robregordo;-5.45;
2015;Municipios;1277;Rozas de Madrid (Las);-0.40;
2015;Municipios;1283;Rozas de Puerto Real;-0.21;
2015;Municipios;1296;San Agustín del Guadalix;-0.79;
2015;Municipios;1300;San Fernando de Henares;-0.94;
2015;Municipios;1317;San Lorenzo de El Escorial;-0.71;
2015;Municipios;1322;San Martín de la Vega;-0.65;
2015;Municipios;1338;San Martín de Valdeiglesias;-0.41;
2015;Municipios;1343;San Sebastián de los Reyes;-0.91;
2015;Municipios;1356;Santa María de la Alameda;0.02;
2015;Municipios;1369;Santorcaz;-2.23;
2015;Municipios;1375;Santos de la Humosa (Los);-1.12;
2015;Municipios;1381;Serna del Monte (La);1.95;
2015;Municipios;1408;Serranillos del Valle;-0.66;
2015;Municipios;1415;Sevilla la Nueva;-0.40;
2015;Municipios;1436;Somosierra;7.06;
2015;Municipios;1441;Soto del Real;-0.29;
2015;Municipios;1454;Talamanca de Jarama;-0.72;
2015;Municipios;1467;Tielmes;-1.70;
2015;Municipios;1473;Titulcia;-0.33;
2015;Municipios;1489;Torrejón de Ardoz;-0.93;
2015;Municipios;1492;Torrejón de la Calzada;-0.61;
2015;Municipios;1505;Torrejón de Velasco;-1.25;
2015;Municipios;1512;Torrelaguna;-0.49;
2015;Municipios;1527;Torrelodones;-0.41;
2015;Municipios;1533;Torremocha de Jarama;-0.04;
2015;Municipios;1548;Torres de la Alameda;-0.90;
2015;Municipios;9036;Tres Cantos;-0.30;
2015;Municipios;1551;Valdaracete;-1.55;
2015;Municipios;1564;Valdeavero;-2.17;
2015;Municipios;1570;Valdelaguna;-2.29;
2015;Municipios;1586;Valdemanco;-0.79;
2015;Municipios;1599;Valdemaqueda;-0.19;
2015;Municipios;1603;Valdemorillo;-1.10;
2015;Municipios;1610;Valdemoro;-0.76;
2015;Municipios;1625;Valdeolmos-Alalpardo;-0.83;
2015;Municipios;1631;Valdepiélagos;-1.46;
2015;Municipios;1646;Valdetorres de Jarama;-0.54;
2015;Municipios;1659;Valdilecha;-1.49;
2015;Municipios;1662;Valverde de Alcalá;-0.95;
2015;Municipios;1678;Velilla de San Antonio;-0.91;
2015;Municipios;1684;Vellón (El);-1.54;
2015;Municipios;1697;Venturada;-0.16;
2015;Municipios;1718;Villa del Prado;-1.55;
2015;Municipios;1701;Villaconejos;0.17;
2015;Municipios;1723;Villalbilla;-1.29;
2015;Municipios;1739;Villamanrique de Tajo;0.26;
2015;Municipios;1744;Villamanta;-1.66;
2015;Municipios;1757;Villamantilla;-0.94;
2015;Municipios;1760;Villanueva de la Cañada;-0.23;
2015;Municipios;1782;Villanueva de Perales;-2.05;
2015;Municipios;1776;Villanueva del Pardillo;-0.52;
2015;Municipios;1795;Villar del Olmo;-1.35;
2015;Municipios;1809;Villarejo de Salvanés;-1.34;
2015;Municipios;1816;Villaviciosa de Odón;-0.32;
2015;Municipios;1821;Villavieja del Lozoya;0.25;
2015;Municipios;1837;Zarzalejo;-0.60;
2015;Zonas Estadísticas;03;Este Metropolitano;-0.92;
2015;Zonas Estadísticas;01;Municipio de Madrid;-0.47;
2015;Zonas Estadísticas;07;Nordeste Comunidad;-0.89;
2015;Zonas Estadísticas;02;Norte Metropolitano;-0.73;
2015;Zonas Estadísticas;05;Oeste Metropolitano;-0.53;
2015;Zonas Estadísticas;11;Sierra Central;-0.59;
2015;Zonas Estadísticas;06;Sierra Norte;-0.59;
2015;Zonas Estadísticas;10;Sierra Sur;-0.47;
2015;Zonas Estadísticas;08;Sudeste Comunidad;-1.09;
2015;Zonas Estadísticas;09;Sudoeste Comunidad;-0.85;
2015;Zonas Estadísticas;04;Sur Metropolitano;-0.94;
2016;Comunidad de Madrid;;Comunidad de Madrid;-0.73;
2016;Municipios;0014;Acebeda (La);-1.63;
2016;Municipios;0029;Ajalvir;-1.19;
2016;Municipios;0035;Alameda del Valle;0.26;
2016;Municipios;0040;Álamo (El);-0.13;
2016;Municipios;0053;Alcalá de Henares;-0.87;
2016;Municipios;0066;Alcobendas;-0.70;
2016;Municipios;0072;Alcorcón;-0.70;
2016;Municipios;0088;Aldea del Fresno;-2.19;
2016;Municipios;0091;Algete;-0.53;
2016;Municipios;0105;Alpedrete;-0.50;
2016;Municipios;0112;Ambite;7.35;
2016;Municipios;0127;Anchuelo;-1.28;
2016;Municipios;0133;Aranjuez;-0.20;
2016;Municipios;0148;Arganda del Rey;-1.40;
2016;Municipios;0151;Arroyomolinos;-0.20;
2016;Municipios;0164;Atazar (El);0.09;
2016;Municipios;0170;Batres;0.25;
2016;Municipios;0186;Becerril de la Sierra;-0.12;
2016;Municipios;0199;Belmonte de Tajo;-0.26;
2016;Municipios;0210;Berrueco (El);-1.90;
2016;Municipios;0203;Berzosa del Lozoya;-1.29;
2016;Municipios;0225;Boadilla del Monte;-0.50;
2016;Municipios;0231;Boalo (El);0.21;
2016;Municipios;0246;Braojos;-0.94;
2016;Municipios;0259;Brea de Tajo;1.07;
2016;Municipios;0262;Brunete;-0.48;
2016;Municipios;0278;Buitrago del Lozoya;-0.79;
2016;Municipios;0284;Bustarviejo;0.12;
2016;Municipios;0297;Cabanillas de la Sierra;0.42;
2016;Municipios;0301;Cabrera (La);-0.77;
2016;Municipios;0318;Cadalso de los Vidrios;0.21;
2016;Municipios;0323;Camarma de Esteruelas;-0.87;
2016;Municipios;0339;Campo Real;-0.96;
2016;Municipios;0344;Canencia;1.27;
2016;Municipios;0357;Carabaña;1.48;
2016;Municipios;0360;Casarrubuelos;-1.46;
2016;Municipios;0376;Cenicientos;0.06;
2016;Municipios;0382;Cercedilla;-0.83;
2016;Municipios;0395;Cervera de Buitrago;-1.50;
2016;Municipios;0513;Chapinería;-0.91;
2016;Municipios;0528;Chinchón;-0.52;
2016;Municipios;0409;Ciempozuelos;-0.78;
2016;Municipios;0416;Cobeña;-0.49;
2016;Municipios;0468;Collado Mediano;-0.80;
2016;Municipios;0474;Collado Villalba;-0.54;
2016;Municipios;0437;Colmenar de Oreja;-1.05;
2016;Municipios;0421;Colmenar del Arroyo;-1.02;
2016;Municipios;0455;Colmenar Viejo;-0.68;
2016;Municipios;0442;Colmenarejo;-0.38;
2016;Municipios;0480;Corpa;-0.34;
2016;Municipios;0493;Coslada;-0.82;
2016;Municipios;0506;Cubas de la Sagra;-0.21;
2016;Municipios;0534;Daganzo de Arriba;-0.75;
2016;Municipios;0549;Escorial (El);-0.65;
2016;Municipios;0552;Estremera;-0.55;
2016;Municipios;0565;Fresnedillas de la Oliva;-0.27;
2016;Municipios;0571;Fresno de Torote;-1.19;
2016;Municipios;0587;Fuenlabrada;-1.16;
2016;Municipios;0590;Fuente el Saz de Jarama;-0.95;
2016;Municipios;0604;Fuentidueña de Tajo;-0.08;
2016;Municipios;0611;Galapagar;-0.54;
2016;Municipios;0626;Garganta de los Montes;-0.98;
2016;Municipios;0632;Gargantilla del Lozoya y Pinilla de Buitrago;-1.80;
2016;Municipios;0647;Gascones;1.34;
2016;Municipios;0650;Getafe;-0.87;
2016;Municipios;0663;Griñón;-0.72;
2016;Municipios;0679;Guadalix de la Sierra;-0.19;
2016;Municipios;0685;Guadarrama;-0.71;
2016;Municipios;0698;Hiruela (La);0.00;
2016;Municipios;0702;Horcajo de la Sierra-Aoslos;1.33;
2016;Municipios;0719;Horcajuelo de la Sierra;-4.49;
2016;Municipios;0724;Hoyo de Manzanares;-0.33;
2016;Municipios;0730;Humanes de Madrid;-1.40;
2016;Municipios;0745;Leganés;-0.92;
2016;Municipios;0758;Loeches;-0.40;
2016;Municipios;0761;Lozoya;-1.33;
2016;Municipios;9015;Lozoyuela-Navas-Sieteiglesias;-1.54;
2016;Municipios;0783;Madarcos;-0.19;
2016;Municipios;0796;Madrid;-0.67;
2016;Municipios;0800;Majadahonda;-0.56;
2016;Municipios;0822;Manzanares el Real;-0.53;
2016;Municipios;0838;Meco;-1.21;
2016;Municipios;0843;Mejorada del Campo;-0.96;
2016;Municipios;0856;Miraflores de la Sierra;-0.79;
2016;Municipios;0869;Molar (El);-1.10;
2016;Municipios;0875;Molinos (Los);-0.71;
2016;Municipios;0881;Montejo de la Sierra;0.19;
2016;Municipios;0894;Moraleja de Enmedio;-0.96;
2016;Municipios;0908;Moralzarzal;-0.35;
2016;Municipios;0915;Morata de Tajuña;-1.31;
2016;Municipios;0920;Móstoles;-0.96;
2016;Municipios;0936;Navacerrada;-0.65;
2016;Municipios;0941;Navalafuente;1.05;
2016;Municipios;0954;Navalagamella;-1.08;
2016;Municipios;0967;Navalcarnero;-1.01;
2016;Municipios;0973;Navarredonda y San Mamés;-2.81;
2016;Municipios;0992;Navas del Rey;-1.82;
2016;Municipios;1006;Nuevo Baztán;-1.34;
2016;Municipios;1013;Olmeda de las Fuentes;0.20;
2016;Municipios;1028;Orusco de Tajuña;-0.93;
2016;Municipios;1049;Paracuellos de Jarama;-0.84;
2016;Municipios;1065;Parla;-1.00;
2016;Municipios;1071;Patones;1.94;
2016;Municipios;1087;Pedrezuela;-0.20;
2016;Municipios;1090;Pelayos de la Presa;-0.28;
2016;Municipios;1104;Perales de Tajuña;-0.31;
2016;Municipios;1111;Pezuela de las Torres;-1.74;
2016;Municipios;1126;Pinilla del Valle;-1.79;
2016;Municipios;1132;Pinto;-0.99;
2016;Municipios;1147;Piñuécar-Gandullas;-0.91;
2016;Municipios;1150;Pozuelo de Alarcón;-0.58;
2016;Municipios;1163;Pozuelo del Rey;0.08;
2016;Municipios;1179;Prádena del Rincón;2.62;
2016;Municipios;1185;Puebla de la Sierra;-4.90;
2016;Municipios;9020;Puentes Viejas;-0.58;
2016;Municipios;1198;Quijorna;-0.90;
2016;Municipios;1202;Rascafría;-1.37;
2016;Municipios;1219;Redueña;-2.36;
2016;Municipios;1224;Ribatejada;-1.01;
2016;Municipios;1230;Rivas-Vaciamadrid;-0.54;
2016;Municipios;1245;Robledillo de la Jara;-3.93;
2016;Municipios;1258;Robledo de Chavela;0.11;
2016;Municipios;1261;Robregordo;-1.94;
2016;Municipios;1277;Rozas de Madrid (Las);-0.53;
2016;Municipios;1283;Rozas de Puerto Real;1.12;
2016;Municipios;1296;San Agustín del Guadalix;-0.96;
2016;Municipios;1300;San Fernando de Henares;-0.79;
2016;Municipios;1317;San Lorenzo de El Escorial;-0.25;
2016;Municipios;1322;San Martín de la Vega;-1.22;
2016;Municipios;1338;San Martín de Valdeiglesias;-0.57;
2016;Municipios;1343;San Sebastián de los Reyes;-0.76;
2016;Municipios;1356;Santa María de la Alameda;-0.24;
2016;Municipios;1369;Santorcaz;-1.79;
2016;Municipios;1375;Santos de la Humosa (Los);-0.53;
2016;Municipios;1381;Serna del Monte (La);-1.37;
2016;Municipios;1408;Serranillos del Valle;-1.29;
2016;Municipios;1415;Sevilla la Nueva;-1.04;
2016;Municipios;1436;Somosierra;-3.17;
2016;Municipios;1441;Soto del Real;-0.36;
2016;Municipios;1454;Talamanca de Jarama;-1.11;
2016;Municipios;1467;Tielmes;-0.11;
2016;Municipios;1473;Titulcia;-0.76;
2016;Municipios;1489;Torrejón de Ardoz;-1.00;
2016;Municipios;1492;Torrejón de la Calzada;-1.12;
2016;Municipios;1505;Torrejón de Velasco;-0.77;
2016;Municipios;1512;Torrelaguna;-0.75;
2016;Municipios;1527;Torrelodones;-0.50;
2016;Municipios;1533;Torremocha de Jarama;0.07;
2016;Municipios;1548;Torres de la Alameda;-1.00;
2016;Municipios;9036;Tres Cantos;-0.39;
2016;Municipios;1551;Valdaracete;-2.23;
2016;Municipios;1564;Valdeavero;0.47;
2016;Municipios;1570;Valdelaguna;0.91;
2016;Municipios;1586;Valdemanco;0.52;
2016;Municipios;1599;Valdemaqueda;-0.77;
2016;Municipios;1603;Valdemorillo;0.22;
2016;Municipios;1610;Valdemoro;-0.90;
2016;Municipios;1625;Valdeolmos-Alalpardo;-0.97;
2016;Municipios;1631;Valdepiélagos;-0.98;
2016;Municipios;1646;Valdetorres de Jarama;-1.73;
2016;Municipios;1659;Valdilecha;-0.98;
2016;Municipios;1662;Valverde de Alcalá;-0.01;
2016;Municipios;1678;Velilla de San Antonio;-0.73;
2016;Municipios;1684;Vellón (El);-0.02;
2016;Municipios;1697;Venturada;0.29;
2016;Municipios;1718;Villa del Prado;-1.02;
2016;Municipios;1701;Villaconejos;-1.30;
2016;Municipios;1723;Villalbilla;-0.65;
2016;Municipios;1739;Villamanrique de Tajo;1.93;
2016;Municipios;1744;Villamanta;-0.62;
2016;Municipios;1757;Villamantilla;1.21;
2016;Municipios;1760;Villanueva de la Cañada;-0.51;
2016;Municipios;1782;Villanueva de Perales;0.37;
2016;Municipios;1776;Villanueva del Pardillo;-0.84;
2016;Municipios;1795;Villar del Olmo;-0.70;
2016;Municipios;1809;Villarejo de Salvanés;-0.67;
2016;Municipios;1816;Villaviciosa de Odón;-0.52;
2016;Municipios;1821;Villavieja del Lozoya;1.34;
2016;Municipios;1837;Zarzalejo;-0.37;
2016;Zonas Estadísticas;03;Este Metropolitano;-0.90;
2016;Zonas Estadísticas;01;Municipio de Madrid;-0.67;
2016;Zonas Estadísticas;07;Nordeste Comunidad;-1.03;
2016;Zonas Estadísticas;02;Norte Metropolitano;-0.67;
2016;Zonas Estadísticas;05;Oeste Metropolitano;-0.54;
2016;Zonas Estadísticas;11;Sierra Central;-0.47;
2016;Zonas Estadísticas;06;Sierra Norte;-0.36;
2016;Zonas Estadísticas;10;Sierra Sur;-0.49;
2016;Zonas Estadísticas;08;Sudeste Comunidad;-0.69;
2016;Zonas Estadísticas;09;Sudoeste Comunidad;-0.72;
2016;Zonas Estadísticas;04;Sur Metropolitano;-0.91;
2017;Comunidad de Madrid;;Comunidad de Madrid;0.79;
2017;Municipios;0014;Acebeda (La);4.55;
2017;Municipios;0029;Ajalvir;-1.08;
2017;Municipios;0035;Alameda del Valle;-1.22;
2017;Municipios;0040;Álamo (El);0.87;
2017;Municipios;0053;Alcalá de Henares;-1.08;
2017;Municipios;0066;Alcobendas;0.75;
2017;Municipios;0072;Alcorcón;0.99;
2017;Municipios;0088;Aldea del Fresno;0.82;
2017;Municipios;0091;Algete;0.77;
2017;Municipios;0105;Alpedrete;0.83;
2017;Municipios;0112;Ambite;-8.84;
2017;Municipios;0127;Anchuelo;-2.00;
2017;Municipios;0133;Aranjuez;0.94;
2017;Municipios;0148;Arganda del Rey;0.99;
2017;Municipios;0151;Arroyomolinos;0.82;
2017;Municipios;0164;Atazar (El);-1.20;
2017;Municipios;0170;Batres;0.00;
2017;Municipios;0186;Becerril de la Sierra;-1.16;
2017;Municipios;0199;Belmonte de Tajo;-2.71;
2017;Municipios;0210;Berrueco (El);-1.78;
2017;Municipios;0203;Berzosa del Lozoya;-4.19;
2017;Municipios;0225;Boadilla del Monte;0.31;
2017;Municipios;0231;Boalo (El);-1.02;
2017;Municipios;0246;Braojos;0.31;
2017;Municipios;0259;Brea de Tajo;2.59;
2017;Municipios;0262;Brunete;0.96;
2017;Municipios;0278;Buitrago del Lozoya;-1.11;
2017;Municipios;0284;Bustarviejo;-1.43;
2017;Municipios;0297;Cabanillas de la Sierra;-2.74;
2017;Municipios;0301;Cabrera (La);0.93;
2017;Municipios;0318;Cadalso de los Vidrios;-2.85;
2017;Municipios;0323;Camarma de Esteruelas;-1.02;
2017;Municipios;0339;Campo Real;0.77;
2017;Municipios;0344;Canencia;0.49;
2017;Municipios;0357;Carabaña;-3.76;
2017;Municipios;0360;Casarrubuelos;-2.29;
2017;Municipios;0376;Cenicientos;0.84;
2017;Municipios;0382;Cercedilla;0.71;
2017;Municipios;0395;Cervera de Buitrago;-2.52;
2017;Municipios;0513;Chapinería;-2.48;
2017;Municipios;0528;Chinchón;0.82;
2017;Municipios;0409;Ciempozuelos;0.80;
2017;Municipios;0416;Cobeña;0.48;
2017;Municipios;0468;Collado Mediano;0.90;
2017;Municipios;0474;Collado Villalba;0.74;
2017;Municipios;0437;Colmenar de Oreja;-2.15;
2017;Municipios;0421;Colmenar del Arroyo;0.31;
2017;Municipios;0455;Colmenar Viejo;0.84;
2017;Municipios;0442;Colmenarejo;0.36;
2017;Municipios;0480;Corpa;0.75;
2017;Municipios;0493;Coslada;0.71;
2017;Municipios;0506;Cubas de la Sagra;-1.55;
2017;Municipios;0534;Daganzo de Arriba;0.68;
2017;Municipios;0549;Escorial (El);0.55;
2017;Municipios;0552;Estremera;0.90;
2017;Municipios;0565;Fresnedillas de la Oliva;-2.28;
2017;Municipios;0571;Fresno de Torote;-1.76;
2017;Municipios;0587;Fuenlabrada;-1.23;
2017;Municipios;0590;Fuente el Saz de Jarama;0.63;
2017;Municipios;0604;Fuentidueña de Tajo;-2.31;
2017;Municipios;0611;Galapagar;0.00;
2017;Municipios;0626;Garganta de los Montes;0.67;
2017;Municipios;0632;Gargantilla del Lozoya y Pinilla de Buitrago;-1.38;
2017;Municipios;0647;Gascones;0.20;
2017;Municipios;0650;Getafe;0.97;
2017;Municipios;0663;Griñón;0.96;
2017;Municipios;0679;Guadalix de la Sierra;-1.51;
2017;Municipios;0685;Guadarrama;0.73;
2017;Municipios;0698;Hiruela (La);1.92;
2017;Municipios;0702;Horcajo de la Sierra-Aoslos;-2.06;
2017;Municipios;0719;Horcajuelo de la Sierra;0.05;
2017;Municipios;0724;Hoyo de Manzanares;0.93;
2017;Municipios;0730;Humanes de Madrid;-1.35;
2017;Municipios;0745;Leganés;-1.03;
2017;Municipios;0758;Loeches;-1.26;
2017;Municipios;0761;Lozoya;-1.24;
2017;Municipios;9015;Lozoyuela-Navas-Sieteiglesias;0.41;
2017;Municipios;0783;Madarcos;-2.08;
2017;Municipios;0796;Madrid;0.65;
2017;Municipios;0800;Majadahonda;0.56;
2017;Municipios;0822;Manzanares el Real;0.79;
2017;Municipios;0838;Meco;-1.38;
2017;Municipios;0843;Mejorada del Campo;0.86;
2017;Municipios;0856;Miraflores de la Sierra;0.74;
2017;Municipios;0869;Molar (El);0.98;
2017;Municipios;0875;Molinos (Los);-1.13;
2017;Municipios;0881;Montejo de la Sierra;0.52;
2017;Municipios;0894;Moraleja de Enmedio;0.34;
2017;Municipios;0908;Moralzarzal;0.79;
2017;Municipios;0915;Morata de Tajuña;-1.08;
2017;Municipios;0920;Móstoles;-1.06;
2017;Municipios;0936;Navacerrada;0.71;
2017;Municipios;0941;Navalafuente;-2.72;
2017;Municipios;0954;Navalagamella;-1.10;
2017;Municipios;0967;Navalcarnero;-1.22;
2017;Municipios;0973;Navarredonda y San Mamés;1.56;
2017;Municipios;0992;Navas del Rey;-1.86;
2017;Municipios;1006;Nuevo Baztán;0.73;
2017;Municipios;1013;Olmeda de las Fuentes;-2.51;
2017;Municipios;1028;Orusco de Tajuña;-1.01;
2017;Municipios;1049;Paracuellos de Jarama;0.31;
2017;Municipios;1065;Parla;-1.44;
2017;Municipios;1071;Patones;-1.99;
2017;Municipios;1087;Pedrezuela;0.58;
2017;Municipios;1090;Pelayos de la Presa;0.26;
2017;Municipios;1104;Perales de Tajuña;-1.77;
2017;Municipios;1111;Pezuela de las Torres;0.07;
2017;Municipios;1126;Pinilla del Valle;0.34;
2017;Municipios;1132;Pinto;-1.12;
2017;Municipios;1147;Piñuécar-Gandullas;-1.57;
2017;Municipios;1150;Pozuelo de Alarcón;0.15;
2017;Municipios;1163;Pozuelo del Rey;-1.64;
2017;Municipios;1179;Prádena del Rincón;-2.93;
2017;Municipios;1185;Puebla de la Sierra;0.50;
2017;Municipios;9020;Puentes Viejas;0.26;
2017;Municipios;1198;Quijorna;0.15;
2017;Municipios;1202;Rascafría;-1.89;
2017;Municipios;1219;Redueña;0.28;
2017;Municipios;1224;Ribatejada;-2.33;
2017;Municipios;1230;Rivas-Vaciamadrid;0.58;
2017;Municipios;1245;Robledillo de la Jara;-2.47;
2017;Municipios;1258;Robledo de Chavela;-1.50;
2017;Municipios;1261;Robregordo;-2.22;
2017;Municipios;1277;Rozas de Madrid (Las);0.42;
2017;Municipios;1283;Rozas de Puerto Real;-5.45;
2017;Municipios;1296;San Agustín del Guadalix;0.20;
2017;Municipios;1300;San Fernando de Henares;-1.16;
2017;Municipios;1317;San Lorenzo de El Escorial;0.33;
2017;Municipios;1322;San Martín de la Vega;0.84;
2017;Municipios;1338;San Martín de Valdeiglesias;-1.36;
2017;Municipios;1343;San Sebastián de los Reyes;0.84;
2017;Municipios;1356;Santa María de la Alameda;0.92;
2017;Municipios;1369;Santorcaz;0.86;
2017;Municipios;1375;Santos de la Humosa (Los);-1.29;
2017;Municipios;1381;Serna del Monte (La);1.87;
2017;Municipios;1408;Serranillos del Valle;0.26;
2017;Municipios;1415;Sevilla la Nueva;-1.06;
2017;Municipios;1436;Somosierra;-6.49;
2017;Municipios;1441;Soto del Real;-1.00;
2017;Municipios;1454;Talamanca de Jarama;-2.43;
2017;Municipios;1467;Tielmes;-1.38;
2017;Municipios;1473;Titulcia;-1.61;
2017;Municipios;1489;Torrejón de Ardoz;-1.28;
2017;Municipios;1492;Torrejón de la Calzada;0.60;
2017;Municipios;1505;Torrejón de Velasco;-1.04;
2017;Municipios;1512;Torrelaguna;0.15;
2017;Municipios;1527;Torrelodones;0.10;
2017;Municipios;1533;Torremocha de Jarama;-1.83;
2017;Municipios;1548;Torres de la Alameda;0.88;
2017;Municipios;9036;Tres Cantos;0.61;
2017;Municipios;1551;Valdaracete;-2.52;
2017;Municipios;1564;Valdeavero;-1.71;
2017;Municipios;1570;Valdelaguna;0.96;
2017;Municipios;1586;Valdemanco;-1.13;
2017;Municipios;1599;Valdemaqueda;-2.29;
2017;Municipios;1603;Valdemorillo;0.63;
2017;Municipios;1610;Valdemoro;0.78;
2017;Municipios;1625;Valdeolmos-Alalpardo;0.47;
2017;Municipios;1631;Valdepiélagos;-1.35;
2017;Municipios;1646;Valdetorres de Jarama;-1.44;
2017;Municipios;1659;Valdilecha;-1.18;
2017;Municipios;1662;Valverde de Alcalá;0.88;
2017;Municipios;1678;Velilla de San Antonio;0.46;
2017;Municipios;1684;Vellón (El);-1.51;
2017;Municipios;1697;Venturada;0.84;
2017;Municipios;1718;Villa del Prado;0.64;
2017;Municipios;1701;Villaconejos;0.93;
2017;Municipios;1723;Villalbilla;0.77;
2017;Municipios;1739;Villamanrique de Tajo;-4.70;
2017;Municipios;1744;Villamanta;0.66;
2017;Municipios;1757;Villamantilla;-2.60;
2017;Municipios;1760;Villanueva de la Cañada;0.61;
2017;Municipios;1782;Villanueva de Perales;-1.63;
2017;Municipios;1776;Villanueva del Pardillo;0.52;
2017;Municipios;1795;Villar del Olmo;0.40;
2017;Municipios;1809;Villarejo de Salvanés;-1.46;
2017;Municipios;1816;Villaviciosa de Odón;0.41;
2017;Municipios;1821;Villavieja del Lozoya;-2.91;
2017;Municipios;1837;Zarzalejo;-0.17;
2017;Zonas Estadísticas;03;Este Metropolitano;-0.96;
2017;Zonas Estadísticas;01;Municipio de Madrid;-0.65;
2017;Zonas Estadísticas;07;Nordeste Comunidad;-1.13;
2017;Zonas Estadísticas;02;Norte Metropolitano;-0.75;
2017;Zonas Estadísticas;05;Oeste Metropolitano;-0.47;
2017;Zonas Estadísticas;11;Sierra Central;-0.69;
2017;Zonas Estadísticas;06;Sierra Norte;-1.08;
2017;Zonas Estadísticas;10;Sierra Sur;-1.44;
2017;Zonas Estadísticas;08;Sudeste Comunidad;-1.29;
2017;Zonas Estadísticas;09;Sudoeste Comunidad;-0.97;
2017;Zonas Estadísticas;04;Sur Metropolitano;-1.08;
2018;Comunidad de Madrid;;Comunidad de Madrid;-0.52;
2018;Municipios;0014;Acebeda (La);-1.38;
2018;Municipios;0029;Ajalvir;-0.53;
2018;Municipios;0035;Alameda del Valle;-0.92;
2018;Municipios;0040;Álamo (El);-0.78;
2018;Municipios;0053;Alcalá de Henares;-0.69;
2018;Municipios;0066;Alcobendas;-0.47;
2018;Municipios;0072;Alcorcón;-0.59;
2018;Municipios;0088;Aldea del Fresno;-0.83;
2018;Municipios;0091;Algete;-0.55;
2018;Municipios;0105;Alpedrete;-0.24;
2018;Municipios;0112;Ambite;1.99;
2018;Municipios;0127;Anchuelo;-0.32;
2018;Municipios;0133;Aranjuez;-0.42;
2018;Municipios;0148;Arganda del Rey;-0.62;
2018;Municipios;0151;Arroyomolinos;-0.54;
2018;Municipios;0164;Atazar (El);0.31;
2018;Municipios;0170;Batres;-0.48;
2018;Municipios;0186;Becerril de la Sierra;-1.23;
2018;Municipios;0199;Belmonte de Tajo;0.13;
2018;Municipios;0210;Berrueco (El);-1.47;
2018;Municipios;0203;Berzosa del Lozoya;1.66;
2018;Municipios;0225;Boadilla del Monte;-0.28;
2018;Municipios;0231;Boalo (El);-1.06;
2018;Municipios;0246;Braojos;1.54;
2018;Municipios;0259;Brea de Tajo;-0.64;
2018;Municipios;0262;Brunete;-0.45;
2018;Municipios;0278;Buitrago del Lozoya;-0.71;
2018;Municipios;0284;Bustarviejo;0.61;
2018;Municipios;0297;Cabanillas de la Sierra;0.00;
2018;Municipios;0301;Cabrera (La);-1.34;
2018;Municipios;0318;Cadalso de los Vidrios;0.02;
2018;Municipios;0323;Camarma de Esteruelas;-0.94;
2018;Municipios;0339;Campo Real;-0.99;
2018;Municipios;0344;Canencia;0.91;
2018;Municipios;0357;Carabaña;0.27;
2018;Municipios;0360;Casarrubuelos;-0.51;
2018;Municipios;0376;Cenicientos;-0.38;
2018;Municipios;0382;Cercedilla;-0.57;
2018;Municipios;0395;Cervera de Buitrago;4.27;
2018;Municipios;0513;Chapinería;0.44;
2018;Municipios;0528;Chinchón;-0.63;
2018;Municipios;0409;Ciempozuelos;-0.76;
2018;Municipios;0416;Cobeña;-0.51;
2018;Municipios;0468;Collado Mediano;-0.14;
2018;Municipios;0474;Collado Villalba;-0.68;
2018;Municipios;0437;Colmenar de Oreja;-0.53;
2018;Municipios;0421;Colmenar del Arroyo;0.26;
2018;Municipios;0455;Colmenar Viejo;-0.53;
2018;Municipios;0442;Colmenarejo;-0.59;
2018;Municipios;0480;Corpa;-1.17;
2018;Municipios;0493;Coslada;-0.49;
2018;Municipios;0506;Cubas de la Sagra;-0.82;
2018;Municipios;0534;Daganzo de Arriba;-0.41;
2018;Municipios;0549;Escorial (El);-0.12;
2018;Municipios;0552;Estremera;-0.34;
2018;Municipios;0565;Fresnedillas de la Oliva;0.11;
2018;Municipios;0571;Fresno de Torote;-0.17;
2018;Municipios;0587;Fuenlabrada;-0.81;
2018;Municipios;0590;Fuente el Saz de Jarama;-0.31;
2018;Municipios;0604;Fuentidueña de Tajo;-1.34;
2018;Municipios;0611;Galapagar;-0.40;
2018;Municipios;0626;Garganta de los Montes;-1.84;
2018;Municipios;0632;Gargantilla del Lozoya y Pinilla de Buitrago;-0.68;
2018;Municipios;0647;Gascones;-0.97;
2018;Municipios;0650;Getafe;-0.62;
2018;Municipios;0663;Griñón;-0.35;
2018;Municipios;0679;Guadalix de la Sierra;-0.40;
2018;Municipios;0685;Guadarrama;-0.34;
2018;Municipios;0698;Hiruela (La);4.33;
2018;Municipios;0702;Horcajo de la Sierra-Aoslos;-0.20;
2018;Municipios;0719;Horcajuelo de la Sierra;-1.15;
2018;Municipios;0724;Hoyo de Manzanares;0.03;
2018;Municipios;0730;Humanes de Madrid;-0.60;
2018;Municipios;0745;Leganés;-0.75;
2018;Municipios;0758;Loeches;-0.62;
2018;Municipios;0761;Lozoya;-0.54;
2018;Municipios;9015;Lozoyuela-Navas-Sieteiglesias;-1.27;
2018;Municipios;0783;Madarcos;6.34;
2018;Municipios;0796;Madrid;-0.45;
2018;Municipios;0800;Majadahonda;-0.25;
2018;Municipios;0822;Manzanares el Real;-0.88;
2018;Municipios;0838;Meco;-0.56;
2018;Municipios;0843;Mejorada del Campo;-0.74;
2018;Municipios;0856;Miraflores de la Sierra;-0.78;
2018;Municipios;0869;Molar (El);-0.74;
2018;Municipios;0875;Molinos (Los);-0.18;
2018;Municipios;0881;Montejo de la Sierra;-1.18;
2018;Municipios;0894;Moraleja de Enmedio;-0.90;
2018;Municipios;0908;Moralzarzal;-0.25;
2018;Municipios;0915;Morata de Tajuña;-0.72;
2018;Municipios;0920;Móstoles;-0.72;
2018;Municipios;0936;Navacerrada;-1.13;
2018;Municipios;0941;Navalafuente;0.00;
2018;Municipios;0954;Navalagamella;-0.98;
2018;Municipios;0967;Navalcarnero;-0.88;
2018;Municipios;0973;Navarredonda y San Mamés;-4.47;
2018;Municipios;0992;Navas del Rey;-1.35;
2018;Municipios;1006;Nuevo Baztán;-0.66;
2018;Municipios;1013;Olmeda de las Fuentes;1.61;
2018;Municipios;1028;Orusco de Tajuña;-0.22;
2018;Municipios;1049;Paracuellos de Jarama;-0.15;
2018;Municipios;1065;Parla;-0.90;
2018;Municipios;1071;Patones;-0.13;
2018;Municipios;1087;Pedrezuela;-1.24;
2018;Municipios;1090;Pelayos de la Presa;-0.68;
2018;Municipios;1104;Perales de Tajuña;0.87;
2018;Municipios;1111;Pezuela de las Torres;-0.77;
2018;Municipios;1126;Pinilla del Valle;-1.12;
2018;Municipios;1132;Pinto;-0.49;
2018;Municipios;1147;Piñuécar-Gandullas;2.65;
2018;Municipios;1150;Pozuelo de Alarcón;-0.30;
2018;Municipios;1163;Pozuelo del Rey;0.06;
2018;Municipios;1179;Prádena del Rincón;0.49;
2018;Municipios;1185;Puebla de la Sierra;-4.89;
2018;Municipios;9020;Puentes Viejas;-0.12;
2018;Municipios;1198;Quijorna;-0.59;
2018;Municipios;1202;Rascafría;-0.21;
2018;Municipios;1219;Redueña;-1.19;
2018;Municipios;1224;Ribatejada;1.51;
2018;Municipios;1230;Rivas-Vaciamadrid;-0.45;
2018;Municipios;1245;Robledillo de la Jara;0.00;
2018;Municipios;1258;Robledo de Chavela;-0.43;
2018;Municipios;1261;Robregordo;2.08;
2018;Municipios;1277;Rozas de Madrid (Las);-0.33;
2018;Municipios;1283;Rozas de Puerto Real;0.46;
2018;Municipios;1296;San Agustín del Guadalix;-0.65;
2018;Municipios;1300;San Fernando de Henares;-0.32;
2018;Municipios;1317;San Lorenzo de El Escorial;-0.35;
2018;Municipios;1322;San Martín de la Vega;-1.32;
2018;Municipios;1338;San Martín de Valdeiglesias;-0.89;
2018;Municipios;1343;San Sebastián de los Reyes;-0.61;
2018;Municipios;1356;Santa María de la Alameda;-0.06;
2018;Municipios;1369;Santorcaz;-1.95;
2018;Municipios;1375;Santos de la Humosa (Los);0.09;
2018;Municipios;1381;Serna del Monte (La);1.20;
2018;Municipios;1408;Serranillos del Valle;-1.53;
2018;Municipios;1415;Sevilla la Nueva;-0.18;
2018;Municipios;1436;Somosierra;1.20;
2018;Municipios;1441;Soto del Real;-0.37;
2018;Municipios;1454;Talamanca de Jarama;-0.02;
2018;Municipios;1467;Tielmes;-0.32;
2018;Municipios;1473;Titulcia;-0.42;
2018;Municipios;1489;Torrejón de Ardoz;-0.78;
2018;Municipios;1492;Torrejón de la Calzada;-1.03;
2018;Municipios;1505;Torrejón de Velasco;-0.87;
2018;Municipios;1512;Torrelaguna;-1.27;
2018;Municipios;1527;Torrelodones;-0.27;
2018;Municipios;1533;Torremocha de Jarama;0.87;
2018;Municipios;1548;Torres de la Alameda;-0.56;
2018;Municipios;9036;Tres Cantos;-0.26;
2018;Municipios;1551;Valdaracete;0.72;
2018;Municipios;1564;Valdeavero;0.25;
2018;Municipios;1570;Valdelaguna;-0.87;
2018;Municipios;1586;Valdemanco;-0.72;
2018;Municipios;1599;Valdemaqueda;-0.95;
2018;Municipios;1603;Valdemorillo;-0.24;
2018;Municipios;1610;Valdemoro;-0.72;
2018;Municipios;1625;Valdeolmos-Alalpardo;-0.57;
2018;Municipios;1631;Valdepiélagos;-0.74;
2018;Municipios;1646;Valdetorres de Jarama;-0.53;
2018;Municipios;1659;Valdilecha;-0.94;
2018;Municipios;1662;Valverde de Alcalá;-2.17;
2018;Municipios;1678;Velilla de San Antonio;-0.45;
2018;Municipios;1684;Vellón (El);-1.56;
2018;Municipios;1697;Venturada;-1.36;
2018;Municipios;1718;Villa del Prado;-1.06;
2018;Municipios;1701;Villaconejos;-0.78;
2018;Municipios;1723;Villalbilla;-0.44;
2018;Municipios;1739;Villamanrique de Tajo;1.95;
2018;Municipios;1744;Villamanta;-1.35;
2018;Municipios;1757;Villamantilla;0.08;
2018;Municipios;1760;Villanueva de la Cañada;-0.25;
2018;Municipios;1782;Villanueva de Perales;0.79;
2018;Municipios;1776;Villanueva del Pardillo;-0.35;
2018;Municipios;1795;Villar del Olmo;-0.36;
2018;Municipios;1809;Villarejo de Salvanés;0.10;
2018;Municipios;1816;Villaviciosa de Odón;-0.50;
2018;Municipios;1821;Villavieja del Lozoya;0.54;
2018;Municipios;1837;Zarzalejo;-0.69;
2018;Zonas Estadísticas;03;Este Metropolitano;-0.60;
2018;Zonas Estadísticas;01;Municipio de Madrid;-0.45;
2018;Zonas Estadísticas;07;Nordeste Comunidad;-0.49;
2018;Zonas Estadísticas;02;Norte Metropolitano;-0.50;
2018;Zonas Estadísticas;05;Oeste Metropolitano;-0.36;
2018;Zonas Estadísticas;11;Sierra Central;-0.43;
2018;Zonas Estadísticas;06;Sierra Norte;-0.67;
2018;Zonas Estadísticas;10;Sierra Sur;-0.53;
2018;Zonas Estadísticas;08;Sudeste Comunidad;-0.46;
2018;Zonas Estadísticas;09;Sudoeste Comunidad;-0.71;
2018;Zonas Estadísticas;04;Sur Metropolitano;-0.71;
2019;Comunidad de Madrid;;Comunidad de Madrid;-0.47;
2019;Municipios;0014;Acebeda (La);-2.09;
2019;Municipios;0029;Ajalvir;0.07;
2019;Municipios;0035;Alameda del Valle;0.90;
2019;Municipios;0040;Álamo (El);-1.18;
2019;Municipios;0053;Alcalá de Henares;-0.42;
2019;Municipios;0066;Alcobendas;-0.46;
2019;Municipios;0072;Alcorcón;-0.49;
2019;Municipios;0088;Aldea del Fresno;-1.91;
2019;Municipios;0091;Algete;-0.47;
2019;Municipios;0105;Alpedrete;-0.19;
2019;Municipios;0112;Ambite;-2.68;
2019;Municipios;0127;Anchuelo;0.40;
2019;Municipios;0133;Aranjuez;-0.35;
2019;Municipios;0148;Arganda del Rey;-0.35;
2019;Municipios;0151;Arroyomolinos;-0.58;
2019;Municipios;0164;Atazar (El);-1.91;
2019;Municipios;0170;Batres;-0.94;
2019;Municipios;0186;Becerril de la Sierra;-0.19;
2019;Municipios;0199;Belmonte de Tajo;0.04;
2019;Municipios;0210;Berrueco (El);-1.19;
2019;Municipios;0203;Berzosa del Lozoya;-4.16;
2019;Municipios;0225;Boadilla del Monte;-0.37;
2019;Municipios;0231;Boalo (El);-0.17;
2019;Municipios;0246;Braojos;-2.44;
2019;Municipios;0259;Brea de Tajo;-1.89;
2019;Municipios;0262;Brunete;-0.22;
2019;Municipios;0278;Buitrago del Lozoya;-0.29;
2019;Municipios;0284;Bustarviejo;-1.01;
2019;Municipios;0297;Cabanillas de la Sierra;-0.15;
2019;Municipios;0301;Cabrera (La);-0.12;
2019;Municipios;0318;Cadalso de los Vidrios;-2.17;
2019;Municipios;0323;Camarma de Esteruelas;-0.09;
2019;Municipios;0339;Campo Real;-0.62;
2019;Municipios;0344;Canencia;-2.23;
2019;Municipios;0357;Carabaña;-1.93;
2019;Municipios;0360;Casarrubuelos;-0.41;
2019;Municipios;0376;Cenicientos;-1.63;
2019;Municipios;0382;Cercedilla;-0.49;
2019;Municipios;0395;Cervera de Buitrago;-4.73;
2019;Municipios;0513;Chapinería;-1.20;
2019;Municipios;0528;Chinchón;-0.41;
2019;Municipios;0409;Ciempozuelos;-0.33;
2019;Municipios;0416;Cobeña;-0.19;
2019;Municipios;0468;Collado Mediano;-0.26;
2019;Municipios;0474;Collado Villalba;-0.44;
2019;Municipios;0437;Colmenar de Oreja;-0.94;
2019;Municipios;0421;Colmenar del Arroyo;-0.16;
2019;Municipios;0455;Colmenar Viejo;-0.46;
2019;Municipios;0442;Colmenarejo;-0.53;
2019;Municipios;0480;Corpa;-1.15;
2019;Municipios;0493;Coslada;-0.60;
2019;Municipios;0506;Cubas de la Sagra;-0.12;
2019;Municipios;0534;Daganzo de Arriba;-0.60;
2019;Municipios;0549;Escorial (El);-0.32;
2019;Municipios;0552;Estremera;0.19;
2019;Municipios;0565;Fresnedillas de la Oliva;-1.18;
2019;Municipios;0571;Fresno de Torote;-1.52;
2019;Municipios;0587;Fuenlabrada;-0.57;
2019;Municipios;0590;Fuente el Saz de Jarama;-0.22;
2019;Municipios;0604;Fuentidueña de Tajo;-1.14;
2019;Municipios;0611;Galapagar;-0.53;
2019;Municipios;0626;Garganta de los Montes;-0.27;
2019;Municipios;0632;Gargantilla del Lozoya y Pinilla de Buitrago;1.93;
2019;Municipios;0647;Gascones;-0.67;
2019;Municipios;0650;Getafe;-0.55;
2019;Municipios;0663;Griñón;-0.33;
2019;Municipios;0679;Guadalix de la Sierra;-1.09;
2019;Municipios;0685;Guadarrama;-0.37;
2019;Municipios;0698;Hiruela (La);-2.74;
2019;Municipios;0702;Horcajo de la Sierra-Aoslos;0.10;
2019;Municipios;0719;Horcajuelo de la Sierra;1.20;
2019;Municipios;0724;Hoyo de Manzanares;-0.42;
2019;Municipios;0730;Humanes de Madrid;-0.37;
2019;Municipios;0745;Leganés;-0.59;
2019;Municipios;0758;Loeches;-0.72;
2019;Municipios;0761;Lozoya;-0.51;
2019;Municipios;9015;Lozoyuela-Navas-Sieteiglesias;-0.61;
2019;Municipios;0783;Madarcos;-4.34;
2019;Municipios;0796;Madrid;-0.43;
2019;Municipios;0800;Majadahonda;-0.42;
2019;Municipios;0822;Manzanares el Real;-0.39;
2019;Municipios;0838;Meco;-0.35;
2019;Municipios;0843;Mejorada del Campo;-0.48;
2019;Municipios;0856;Miraflores de la Sierra;-1.48;
2019;Municipios;0869;Molar (El);-0.81;
2019;Municipios;0875;Molinos (Los);-0.38;
2019;Municipios;0881;Montejo de la Sierra;-0.76;
2019;Municipios;0894;Moraleja de Enmedio;-0.23;
2019;Municipios;0908;Moralzarzal;-0.48;
2019;Municipios;0915;Morata de Tajuña;-0.71;
2019;Municipios;0920;Móstoles;-0.73;
2019;Municipios;0936;Navacerrada;0.50;
2019;Municipios;0941;Navalafuente;-1.42;
2019;Municipios;0954;Navalagamella;-0.56;
2019;Municipios;0967;Navalcarnero;-0.79;
2019;Municipios;0973;Navarredonda y San Mamés;3.79;
2019;Municipios;0992;Navas del Rey;-1.30;
2019;Municipios;1006;Nuevo Baztán;-0.17;
2019;Municipios;1013;Olmeda de las Fuentes;-0.03;
2019;Municipios;1028;Orusco de Tajuña;-0.11;
2019;Municipios;1049;Paracuellos de Jarama;-0.41;
2019;Municipios;1065;Parla;-0.67;
2019;Municipios;1071;Patones;-1.25;
2019;Municipios;1087;Pedrezuela;-0.44;
2019;Municipios;1090;Pelayos de la Presa;-1.52;
2019;Municipios;1104;Perales de Tajuña;-0.91;
2019;Municipios;1111;Pezuela de las Torres;-0.61;
2019;Municipios;1126;Pinilla del Valle;-0.60;
2019;Municipios;1132;Pinto;-0.63;
2019;Municipios;1147;Piñuécar-Gandullas;-3.23;
2019;Municipios;1150;Pozuelo de Alarcón;-0.15;
2019;Municipios;1163;Pozuelo del Rey;-0.67;
2019;Municipios;1179;Prádena del Rincón;-1.71;
2019;Municipios;1185;Puebla de la Sierra;6.03;
2019;Municipios;9020;Puentes Viejas;-1.30;
2019;Municipios;1198;Quijorna;-0.63;
2019;Municipios;1202;Rascafría;-0.24;
2019;Municipios;1219;Redueña;0.16;
2019;Municipios;1224;Ribatejada;-2.48;
2019;Municipios;1230;Rivas-Vaciamadrid;-0.47;
2019;Municipios;1245;Robledillo de la Jara;-2.10;
2019;Municipios;1258;Robledo de Chavela;-0.68;
2019;Municipios;1261;Robregordo;1.36;
2019;Municipios;1277;Rozas de Madrid (Las);-0.24;
2019;Municipios;1283;Rozas de Puerto Real;-0.98;
2019;Municipios;1296;San Agustín del Guadalix;-0.57;
2019;Municipios;1300;San Fernando de Henares;-0.64;
2019;Municipios;1317;San Lorenzo de El Escorial;-0.65;
2019;Municipios;1322;San Martín de la Vega;-0.64;
2019;Municipios;1338;San Martín de Valdeiglesias;-1.02;
2019;Municipios;1343;San Sebastián de los Reyes;-0.45;
2019;Municipios;1356;Santa María de la Alameda;-1.30;
2019;Municipios;1369;Santorcaz;-0.21;
2019;Municipios;1375;Santos de la Humosa (Los);-1.01;
2019;Municipios;1381;Serna del Monte (La);0.18;
2019;Municipios;1408;Serranillos del Valle;0.03;
2019;Municipios;1415;Sevilla la Nueva;-0.74;
2019;Municipios;1436;Somosierra;2.15;
2019;Municipios;1441;Soto del Real;-0.17;
2019;Municipios;1454;Talamanca de Jarama;-0.53;
2019;Municipios;1467;Tielmes;-0.42;
2019;Municipios;1473;Titulcia;-0.05;
2019;Municipios;1489;Torrejón de Ardoz;-0.58;
2019;Municipios;1492;Torrejón de la Calzada;-0.38;
2019;Municipios;1505;Torrejón de Velasco;-0.87;
2019;Municipios;1512;Torrelaguna;-0.95;
2019;Municipios;1527;Torrelodones;-0.29;
2019;Municipios;1533;Torremocha de Jarama;0.16;
2019;Municipios;1548;Torres de la Alameda;-0.71;
2019;Municipios;9036;Tres Cantos;-0.34;
2019;Municipios;1551;Valdaracete;-0.22;
2019;Municipios;1564;Valdeavero;-1.43;
2019;Municipios;1570;Valdelaguna;-0.68;
2019;Municipios;1586;Valdemanco;-0.58;
2019;Municipios;1599;Valdemaqueda;0.13;
2019;Municipios;1603;Valdemorillo;-0.45;
2019;Municipios;1610;Valdemoro;-0.37;
2019;Municipios;1625;Valdeolmos-Alalpardo;-0.45;
2019;Municipios;1631;Valdepiélagos;-0.09;
2019;Municipios;1646;Valdetorres de Jarama;-0.77;
2019;Municipios;1659;Valdilecha;-0.50;
2019;Municipios;1662;Valverde de Alcalá;0.04;
2019;Municipios;1678;Velilla de San Antonio;-0.61;
2019;Municipios;1684;Vellón (El);0.40;
2019;Municipios;1697;Venturada;0.47;
2019;Municipios;1718;Villa del Prado;-1.01;
2019;Municipios;1701;Villaconejos;-0.80;
2019;Municipios;1723;Villalbilla;-0.27;
2019;Municipios;1739;Villamanrique de Tajo;-0.62;
2019;Municipios;1744;Villamanta;0.14;
2019;Municipios;1757;Villamantilla;-0.67;
2019;Municipios;1760;Villanueva de la Cañada;-0.20;
2019;Municipios;1782;Villanueva de Perales;-1.61;
2019;Municipios;1776;Villanueva del Pardillo;-0.35;
2019;Municipios;1795;Villar del Olmo;0.42;
2019;Municipios;1809;Villarejo de Salvanés;-0.05;
2019;Municipios;1816;Villaviciosa de Odón;-0.20;
2019;Municipios;1821;Villavieja del Lozoya;-1.88;
2019;Municipios;1837;Zarzalejo;-1.57;
2019;Zonas Estadísticas;03;Este Metropolitano;-0.50;
2019;Zonas Estadísticas;01;Municipio de Madrid;-0.43;
2019;Zonas Estadísticas;07;Nordeste Comunidad;-0.54;
2019;Zonas Estadísticas;02;Norte Metropolitano;-0.44;
2019;Zonas Estadísticas;05;Oeste Metropolitano;-0.31;
2019;Zonas Estadísticas;11;Sierra Central;-0.40;
2019;Zonas Estadísticas;06;Sierra Norte;-0.61;
2019;Zonas Estadísticas;10;Sierra Sur;-1.12;
2019;Zonas Estadísticas;08;Sudeste Comunidad;-0.55;
2019;Zonas Estadísticas;09;Sudoeste Comunidad;-0.65;
2019;Zonas Estadísticas;04;Sur Metropolitano;-0.57;
2020;Comunidad de Madrid;;Comunidad de Madrid;0.06;
2020;Municipios;0014;Acebeda (La);3.15;
2020;Municipios;0029;Ajalvir;0.56;
2020;Municipios;0035;Alameda del Valle;-0.59;
2020;Municipios;0040;Álamo (El);-0.78;
2020;Municipios;0053;Alcalá de Henares;0.01;
2020;Municipios;0066;Alcobendas;0.26;
2020;Municipios;0072;Alcorcón;0.05;
2020;Municipios;0088;Aldea del Fresno;0.43;
2020;Municipios;0091;Algete;0.12;
2020;Municipios;0105;Alpedrete;0.25;
2020;Municipios;0112;Ambite;-0.11;
2020;Municipios;0127;Anchuelo;-0.15;
2020;Municipios;0133;Aranjuez;-0.04;
2020;Municipios;0148;Arganda del Rey;0.19;
2020;Municipios;0151;Arroyomolinos;0.01;
2020;Municipios;0164;Atazar (El);3.27;
2020;Municipios;0170;Batres;-0.30;
2020;Municipios;0186;Becerril de la Sierra;-0.08;
2020;Municipios;0199;Belmonte de Tajo;0.64;
2020;Municipios;0210;Berrueco (El);0.03;
2020;Municipios;0203;Berzosa del Lozoya;-0.26;
2020;Municipios;0225;Boadilla del Monte;0.20;
2020;Municipios;0231;Boalo (El);0.08;
2020;Municipios;0246;Braojos;-1.96;
2020;Municipios;0259;Brea de Tajo;-0.06;
2020;Municipios;0262;Brunete;0.21;
2020;Municipios;0278;Buitrago del Lozoya;-0.13;
2020;Municipios;0284;Bustarviejo;-0.13;
2020;Municipios;0297;Cabanillas de la Sierra;-1.19;
2020;Municipios;0301;Cabrera (La);1.43;
2020;Municipios;0318;Cadalso de los Vidrios;0.11;
2020;Municipios;0323;Camarma de Esteruelas;0.22;
2020;Municipios;0339;Campo Real;-0.63;
2020;Municipios;0344;Canencia;0.22;
2020;Municipios;0357;Carabaña;-0.20;
2020;Municipios;0360;Casarrubuelos;0.18;
2020;Municipios;0376;Cenicientos;-0.32;
2020;Municipios;0382;Cercedilla;0.21;
2020;Municipios;0395;Cervera de Buitrago;0.89;
2020;Municipios;0513;Chapinería;1.33;
2020;Municipios;0528;Chinchón;-0.44;
2020;Municipios;0409;Ciempozuelos;0.28;
2020;Municipios;0416;Cobeña;-0.28;
2020;Municipios;0468;Collado Mediano;0.13;
2020;Municipios;0474;Collado Villalba;0.27;
2020;Municipios;0437;Colmenar de Oreja;0.60;
2020;Municipios;0421;Colmenar del Arroyo;-0.45;
2020;Municipios;0455;Colmenar Viejo;-0.07;
2020;Municipios;0442;Colmenarejo;0.42;
2020;Municipios;0480;Corpa;-0.09;
2020;Municipios;0493;Coslada;0.15;
2020;Municipios;0506;Cubas de la Sagra;0.28;
2020;Municipios;0534;Daganzo de Arriba;0.52;
2020;Municipios;0549;Escorial (El);0.34;
2020;Municipios;0552;Estremera;-0.02;
2020;Municipios;0565;Fresnedillas de la Oliva;-0.80;
2020;Municipios;0571;Fresno de Torote;0.30;
2020;Municipios;0587;Fuenlabrada;-0.07;
2020;Municipios;0590;Fuente el Saz de Jarama;0.27;
2020;Municipios;0604;Fuentidueña de Tajo;-0.75;
2020;Municipios;0611;Galapagar;0.21;
2020;Municipios;0626;Garganta de los Montes;1.64;
2020;Municipios;0632;Gargantilla del Lozoya y Pinilla de Buitrago;-0.18;
2020;Municipios;0647;Gascones;-1.77;
2020;Municipios;0650;Getafe;0.08;
2020;Municipios;0663;Griñón;0.31;
2020;Municipios;0679;Guadalix de la Sierra;-0.26;
2020;Municipios;0685;Guadarrama;0.27;
2020;Municipios;0698;Hiruela (La);-0.43;
2020;Municipios;0702;Horcajo de la Sierra-Aoslos;-0.88;
2020;Municipios;0719;Horcajuelo de la Sierra;1.05;
2020;Municipios;0724;Hoyo de Manzanares;0.36;
2020;Municipios;0730;Humanes de Madrid;-0.15;
2020;Municipios;0745;Leganés;0.02;
2020;Municipios;0758;Loeches;0.19;
2020;Municipios;0761;Lozoya;1.04;
2020;Municipios;9015;Lozoyuela-Navas-Sieteiglesias;0.13;
2020;Municipios;0783;Madarcos;-0.09;
2020;Municipios;0796;Madrid;0.04;
2020;Municipios;0800;Majadahonda;0.18;
2020;Municipios;0822;Manzanares el Real;0.18;
2020;Municipios;0838;Meco;0.58;
2020;Municipios;0843;Mejorada del Campo;0.07;
2020;Municipios;0856;Miraflores de la Sierra;0.19;
2020;Municipios;0869;Molar (El);-0.03;
2020;Municipios;0875;Molinos (Los);-0.35;
2020;Municipios;0881;Montejo de la Sierra;2.95;
2020;Municipios;0894;Moraleja de Enmedio;-0.21;
2020;Municipios;0908;Moralzarzal;0.42;
2020;Municipios;0915;Morata de Tajuña;0.05;
2020;Municipios;0920;Móstoles;0.07;
2020;Municipios;0936;Navacerrada;0.43;
2020;Municipios;0941;Navalafuente;0.10;
2020;Municipios;0954;Navalagamella;0.50;
2020;Municipios;0967;Navalcarnero;0.01;
2020;Municipios;0973;Navarredonda y San Mamés;0.00;
2020;Municipios;0992;Navas del Rey;0.01;
2020;Municipios;1006;Nuevo Baztán;0.55;
2020;Municipios;1013;Olmeda de las Fuentes;0.03;
2020;Municipios;1028;Orusco de Tajuña;-0.24;
2020;Municipios;1049;Paracuellos de Jarama;-0.08;
2020;Municipios;1065;Parla;0.05;
2020;Municipios;1071;Patones;0.01;
2020;Municipios;1087;Pedrezuela;-0.15;
2020;Municipios;1090;Pelayos de la Presa;-0.55;
2020;Municipios;1104;Perales de Tajuña;0.00;
2020;Municipios;1111;Pezuela de las Torres;-0.25;
2020;Municipios;1126;Pinilla del Valle;2.65;
2020;Municipios;1132;Pinto;0.28;
2020;Municipios;1147;Piñuécar-Gandullas;2.92;
2020;Municipios;1150;Pozuelo de Alarcón;0.03;
2020;Municipios;1163;Pozuelo del Rey;1.16;
2020;Municipios;1179;Prádena del Rincón;-0.16;
2020;Municipios;1185;Puebla de la Sierra;-0.84;
2020;Municipios;9020;Puentes Viejas;-1.47;
2020;Municipios;1198;Quijorna;-0.35;
2020;Municipios;1202;Rascafría;-0.10;
2020;Municipios;1219;Redueña;-0.54;
2020;Municipios;1224;Ribatejada;0.46;
2020;Municipios;1230;Rivas-Vaciamadrid;0.00;
2020;Municipios;1245;Robledillo de la Jara;1.71;
2020;Municipios;1258;Robledo de Chavela;0.66;
2020;Municipios;1261;Robregordo;1.17;
2020;Municipios;1277;Rozas de Madrid (Las);0.17;
2020;Municipios;1283;Rozas de Puerto Real;-1.32;
2020;Municipios;1296;San Agustín del Guadalix;-0.03;
2020;Municipios;1300;San Fernando de Henares;0.16;
2020;Municipios;1317;San Lorenzo de El Escorial;0.52;
2020;Municipios;1322;San Martín de la Vega;0.21;
2020;Municipios;1338;San Martín de Valdeiglesias;-0.06;
2020;Municipios;1343;San Sebastián de los Reyes;-0.03;
2020;Municipios;1356;Santa María de la Alameda;-0.22;
2020;Municipios;1369;Santorcaz;-0.40;
2020;Municipios;1375;Santos de la Humosa (Los);-0.59;
2020;Municipios;1381;Serna del Monte (La);4.90;
2020;Municipios;1408;Serranillos del Valle;-0.19;
2020;Municipios;1415;Sevilla la Nueva;0.18;
2020;Municipios;1436;Somosierra;-2.35;
2020;Municipios;1441;Soto del Real;-0.39;
2020;Municipios;1454;Talamanca de Jarama;-0.07;
2020;Municipios;1467;Tielmes;-1.30;
2020;Municipios;1473;Titulcia;-0.46;
2020;Municipios;1489;Torrejón de Ardoz;-0.12;
2020;Municipios;1492;Torrejón de la Calzada;0.08;
2020;Municipios;1505;Torrejón de Velasco;0.04;
2020;Municipios;1512;Torrelaguna;0.09;
2020;Municipios;1527;Torrelodones;0.35;
2020;Municipios;1533;Torremocha de Jarama;-2.05;
2020;Municipios;1548;Torres de la Alameda;0.27;
2020;Municipios;9036;Tres Cantos;0.20;
2020;Municipios;1551;Valdaracete;1.39;
2020;Municipios;1564;Valdeavero;1.25;
2020;Municipios;1570;Valdelaguna;-0.27;
2020;Municipios;1586;Valdemanco;-0.03;
2020;Municipios;1599;Valdemaqueda;0.08;
2020;Municipios;1603;Valdemorillo;0.29;
2020;Municipios;1610;Valdemoro;-0.02;
2020;Municipios;1625;Valdeolmos-Alalpardo;0.09;
2020;Municipios;1631;Valdepiélagos;0.08;
2020;Municipios;1646;Valdetorres de Jarama;0.02;
2020;Municipios;1659;Valdilecha;-0.83;
2020;Municipios;1662;Valverde de Alcalá;-1.37;
2020;Municipios;1678;Velilla de San Antonio;0.00;
2020;Municipios;1684;Vellón (El);-0.87;
2020;Municipios;1697;Venturada;-0.22;
2020;Municipios;1718;Villa del Prado;0.07;
2020;Municipios;1701;Villaconejos;0.30;
2020;Municipios;1723;Villalbilla;0.02;
2020;Municipios;1739;Villamanrique de Tajo;0.80;
2020;Municipios;1744;Villamanta;0.64;
2020;Municipios;1757;Villamantilla;-0.80;
2020;Municipios;1760;Villanueva de la Cañada;-0.13;
2020;Municipios;1782;Villanueva de Perales;-0.36;
2020;Municipios;1776;Villanueva del Pardillo;0.23;
2020;Municipios;1795;Villar del Olmo;-0.64;
2020;Municipios;1809;Villarejo de Salvanés;-0.13;
2020;Municipios;1816;Villaviciosa de Odón;0.03;
2020;Municipios;1821;Villavieja del Lozoya;1.42;
2020;Municipios;1837;Zarzalejo;0.23;
2020;Zonas Estadísticas;03;Este Metropolitano;0.02;
2020;Zonas Estadísticas;01;Municipio de Madrid;0.04;
2020;Zonas Estadísticas;07;Nordeste Comunidad;0.31;
2020;Zonas Estadísticas;02;Norte Metropolitano;0.10;
2020;Zonas Estadísticas;05;Oeste Metropolitano;0.16;
2020;Zonas Estadísticas;11;Sierra Central;0.24;
2020;Zonas Estadísticas;06;Sierra Norte;-0.04;
2020;Zonas Estadísticas;10;Sierra Sur;0.06;
2020;Zonas Estadísticas;08;Sudeste Comunidad;-0.04;
2020;Zonas Estadísticas;09;Sudoeste Comunidad;-0.01;
2020;Zonas Estadísticas;04;Sur Metropolitano;0.04;
2021;Comunidad de Madrid;;Comunidad de Madrid;1.18;
2021;Municipios;0014;Acebeda (La);-3.02;
2021;Municipios;0029;Ajalvir;0.58;
2021;Municipios;0035;Alameda del Valle;1.28;
2021;Municipios;0040;Álamo (El);1.84;
2021;Municipios;0053;Alcalá de Henares;1.16;
2021;Municipios;0066;Alcobendas;1.10;
2021;Municipios;0072;Alcorcón;1.05;
2021;Municipios;0088;Aldea del Fresno;1.07;
2021;Municipios;0091;Algete;1.07;
2021;Municipios;0105;Alpedrete;0.84;
2021;Municipios;0112;Ambite;1.34;
2021;Municipios;0127;Anchuelo;1.29;
2021;Municipios;0133;Aranjuez;1.04;
2021;Municipios;0148;Arganda del Rey;1.04;
2021;Municipios;0151;Arroyomolinos;0.81;
2021;Municipios;0164;Atazar (El);3.04;
2021;Municipios;0170;Batres;0.59;
2021;Municipios;0186;Becerril de la Sierra;0.38;
2021;Municipios;0199;Belmonte de Tajo;-0.34;
2021;Municipios;0210;Berrueco (El);0.40;
2021;Municipios;0203;Berzosa del Lozoya;3.33;
2021;Municipios;0225;Boadilla del Monte;0.38;
2021;Municipios;0231;Boalo (El);0.39;
2021;Municipios;0246;Braojos;1.70;
2021;Municipios;0259;Brea de Tajo;1.80;
2021;Municipios;0262;Brunete;0.81;
2021;Municipios;0278;Buitrago del Lozoya;2.06;
2021;Municipios;0284;Bustarviejo;0.51;
2021;Municipios;0297;Cabanillas de la Sierra;2.41;
2021;Municipios;0301;Cabrera (La);0.42;
2021;Municipios;0318;Cadalso de los Vidrios;0.61;
2021;Municipios;0323;Camarma de Esteruelas;0.70;
2021;Municipios;0339;Campo Real;1.11;
2021;Municipios;0344;Canencia;0.89;
2021;Municipios;0357;Carabaña;0.50;
2021;Municipios;0360;Casarrubuelos;0.79;
2021;Municipios;0376;Cenicientos;-0.02;
2021;Municipios;0382;Cercedilla;0.75;
2021;Municipios;0395;Cervera de Buitrago;2.04;
2021;Municipios;0513;Chapinería;-0.06;
2021;Municipios;0528;Chinchón;0.61;
2021;Municipios;0409;Ciempozuelos;1.46;
2021;Municipios;0416;Cobeña;1.03;
2021;Municipios;0468;Collado Mediano;0.97;
2021;Municipios;0474;Collado Villalba;1.05;
2021;Municipios;0437;Colmenar de Oreja;0.45;
2021;Municipios;0421;Colmenar del Arroyo;-0.52;
2021;Municipios;0455;Colmenar Viejo;0.78;
2021;Municipios;0442;Colmenarejo;1.01;
2021;Municipios;0480;Corpa;2.13;
2021;Municipios;0493;Coslada;1.24;
2021;Municipios;0506;Cubas de la Sagra;0.51;
2021;Municipios;0534;Daganzo de Arriba;0.67;
2021;Municipios;0549;Escorial (El);0.42;
2021;Municipios;0552;Estremera;0.92;
2021;Municipios;0565;Fresnedillas de la Oliva;1.36;
2021;Municipios;0571;Fresno de Torote;1.05;
2021;Municipios;0587;Fuenlabrada;1.39;
2021;Municipios;0590;Fuente el Saz de Jarama;0.75;
2021;Municipios;0604;Fuentidueña de Tajo;1.57;
2021;Municipios;0611;Galapagar;1.07;
2021;Municipios;0626;Garganta de los Montes;-1.37;
2021;Municipios;0632;Gargantilla del Lozoya y Pinilla de Buitrago;0.83;
2021;Municipios;0647;Gascones;2.35;
2021;Municipios;0650;Getafe;1.36;
2021;Municipios;0663;Griñón;0.55;
2021;Municipios;0679;Guadalix de la Sierra;1.03;
2021;Municipios;0685;Guadarrama;0.55;
2021;Municipios;0698;Hiruela (La);-0.30;
2021;Municipios;0702;Horcajo de la Sierra-Aoslos;1.93;
2021;Municipios;0719;Horcajuelo de la Sierra;4.18;
2021;Municipios;0724;Hoyo de Manzanares;0.76;
2021;Municipios;0730;Humanes de Madrid;1.23;
2021;Municipios;0745;Leganés;1.19;
2021;Municipios;0758;Loeches;1.12;
2021;Municipios;0761;Lozoya;0.23;
2021;Municipios;9015;Lozoyuela-Navas-Sieteiglesias;2.65;
2021;Municipios;0783;Madarcos;-4.08;
2021;Municipios;0796;Madrid;1.31;
2021;Municipios;0800;Majadahonda;0.86;
2021;Municipios;0822;Manzanares el Real;0.39;
2021;Municipios;0838;Meco;0.51;
2021;Municipios;0843;Mejorada del Campo;1.25;
2021;Municipios;0856;Miraflores de la Sierra;0.44;
2021;Municipios;0869;Molar (El);1.20;
2021;Municipios;0875;Molinos (Los);0.88;
2021;Municipios;0881;Montejo de la Sierra;-2.21;
2021;Municipios;0894;Moraleja de Enmedio;0.92;
2021;Municipios;0908;Moralzarzal;0.66;
2021;Municipios;0915;Morata de Tajuña;0.97;
2021;Municipios;0920;Móstoles;1.16;
2021;Municipios;0936;Navacerrada;1.16;
2021;Municipios;0941;Navalafuente;1.43;
2021;Municipios;0954;Navalagamella;0.12;
2021;Municipios;0967;Navalcarnero;1.07;
2021;Municipios;0973;Navarredonda y San Mamés;-1.88;
2021;Municipios;0992;Navas del Rey;0.90;
2021;Municipios;1006;Nuevo Baztán;1.23;
2021;Municipios;1013;Olmeda de las Fuentes;-0.70;
2021;Municipios;1028;Orusco de Tajuña;1.73;
2021;Municipios;1049;Paracuellos de Jarama;0.91;
2021;Municipios;1065;Parla;1.26;
2021;Municipios;1071;Patones;1.80;
2021;Municipios;1087;Pedrezuela;0.98;
2021;Municipios;1090;Pelayos de la Presa;2.56;
2021;Municipios;1104;Perales de Tajuña;1.10;
2021;Municipios;1111;Pezuela de las Torres;1.65;
2021;Municipios;1126;Pinilla del Valle;0.33;
2021;Municipios;1132;Pinto;1.02;
2021;Municipios;1147;Piñuécar-Gandullas;1.94;
2021;Municipios;1150;Pozuelo de Alarcón;0.46;
2021;Municipios;1163;Pozuelo del Rey;1.58;
2021;Municipios;1179;Prádena del Rincón;-0.39;
2021;Municipios;1185;Puebla de la Sierra;-2.85;
2021;Municipios;9020;Puentes Viejas;0.84;
2021;Municipios;1198;Quijorna;1.52;
2021;Municipios;1202;Rascafría;0.95;
2021;Municipios;1219;Redueña;6.13;
2021;Municipios;1224;Ribatejada;0.50;
2021;Municipios;1230;Rivas-Vaciamadrid;0.93;
2021;Municipios;1245;Robledillo de la Jara;-1.12;
2021;Municipios;1258;Robledo de Chavela;1.20;
2021;Municipios;1261;Robregordo;-1.80;
2021;Municipios;1277;Rozas de Madrid (Las);0.54;
2021;Municipios;1283;Rozas de Puerto Real;3.15;
2021;Municipios;1296;San Agustín del Guadalix;1.13;
2021;Municipios;1300;San Fernando de Henares;1.39;
2021;Municipios;1317;San Lorenzo de El Escorial;1.15;
2021;Municipios;1322;San Martín de la Vega;1.61;
2021;Municipios;1338;San Martín de Valdeiglesias;1.80;
2021;Municipios;1343;San Sebastián de los Reyes;0.99;
2021;Municipios;1356;Santa María de la Alameda;1.44;
2021;Municipios;1369;Santorcaz;0.74;
2021;Municipios;1375;Santos de la Humosa (Los);1.22;
2021;Municipios;1381;Serna del Monte (La);-8.91;
2021;Municipios;1408;Serranillos del Valle;0.93;
2021;Municipios;1415;Sevilla la Nueva;1.48;
2021;Municipios;1436;Somosierra;0.00;
2021;Municipios;1441;Soto del Real;0.81;
2021;Municipios;1454;Talamanca de Jarama;0.69;
2021;Municipios;1467;Tielmes;1.50;
2021;Municipios;1473;Titulcia;2.25;
2021;Municipios;1489;Torrejón de Ardoz;1.44;
2021;Municipios;1492;Torrejón de la Calzada;0.60;
2021;Municipios;1505;Torrejón de Velasco;0.47;
2021;Municipios;1512;Torrelaguna;0.69;
2021;Municipios;1527;Torrelodones;0.66;
2021;Municipios;1533;Torremocha de Jarama;1.38;
2021;Municipios;1548;Torres de la Alameda;0.82;
2021;Municipios;9036;Tres Cantos;0.54;
2021;Municipios;1551;Valdaracete;-0.61;
2021;Municipios;1564;Valdeavero;0.27;
2021;Municipios;1570;Valdelaguna;0.80;
2021;Municipios;1586;Valdemanco;0.66;
2021;Municipios;1599;Valdemaqueda;0.46;
2021;Municipios;1603;Valdemorillo;0.83;
2021;Municipios;1610;Valdemoro;1.13;
2021;Municipios;1625;Valdeolmos-Alalpardo;1.01;
2021;Municipios;1631;Valdepiélagos;0.34;
2021;Municipios;1646;Valdetorres de Jarama;1.11;
2021;Municipios;1659;Valdilecha;2.51;
2021;Municipios;1662;Valverde de Alcalá;0.80;
2021;Municipios;1678;Velilla de San Antonio;1.62;
2021;Municipios;1684;Vellón (El);0.90;
2021;Municipios;1697;Venturada;0.99;
2021;Municipios;1718;Villa del Prado;1.30;
2021;Municipios;1701;Villaconejos;0.10;
2021;Municipios;1723;Villalbilla;0.86;
2021;Municipios;1739;Villamanrique de Tajo;-1.37;
2021;Municipios;1744;Villamanta;0.05;
2021;Municipios;1757;Villamantilla;1.12;
2021;Municipios;1760;Villanueva de la Cañada;0.88;
2021;Municipios;1782;Villanueva de Perales;1.66;
2021;Municipios;1776;Villanueva del Pardillo;0.68;
2021;Municipios;1795;Villar del Olmo;0.97;
2021;Municipios;1809;Villarejo de Salvanés;0.44;
2021;Municipios;1816;Villaviciosa de Odón;0.72;
2021;Municipios;1821;Villavieja del Lozoya;0.85;
2021;Municipios;1837;Zarzalejo;0.98;
2021;Zonas Estadísticas;03;Este Metropolitano;1.19;
2021;Zonas Estadísticas;01;Municipio de Madrid;1.31;
2021;Zonas Estadísticas;07;Nordeste Comunidad;0.77;
2021;Zonas Estadísticas;02;Norte Metropolitano;0.94;
2021;Zonas Estadísticas;05;Oeste Metropolitano;0.69;
2021;Zonas Estadísticas;11;Sierra Central;0.73;
2021;Zonas Estadísticas;06;Sierra Norte;0.98;
2021;Zonas Estadísticas;10;Sierra Sur;1.08;
2021;Zonas Estadísticas;08;Sudeste Comunidad;0.92;
2021;Zonas Estadísticas;09;Sudoeste Comunidad;0.97;
2021;Zonas Estadísticas;04;Sur Metropolitano;1.22;
2022;Comunidad de Madrid;;Comunidad de Madrid;-1.52;
2022;Municipios;0014;Acebeda (La);-0.82;
2022;Municipios;0029;Ajalvir;-1.16;
2022;Municipios;0035;Alameda del Valle;-1.13;
2022;Municipios;0040;Álamo (El);-2.06;
2022;Municipios;0053;Alcalá de Henares;-1.57;
2022;Municipios;0066;Alcobendas;-1.40;
2022;Municipios;0072;Alcorcón;-1.46;
2022;Municipios;0088;Aldea del Fresno;-2.20;
2022;Municipios;0091;Algete;-1.12;
2022;Municipios;0105;Alpedrete;-1.13;
2022;Municipios;0112;Ambite;-3.62;
2022;Municipios;0127;Anchuelo;-2.19;
2022;Municipios;0133;Aranjuez;-1.42;
2022;Municipios;0148;Arganda del Rey;-1.92;
2022;Municipios;0151;Arroyomolinos;-1.06;
2022;Municipios;0164;Atazar (El);0.22;
2022;Municipios;0170;Batres;-0.34;
2022;Municipios;0186;Becerril de la Sierra;-1.18;
2022;Municipios;0199;Belmonte de Tajo;-0.30;
2022;Municipios;0210;Berrueco (El);-0.65;
2022;Municipios;0203;Berzosa del Lozoya;-3.84;
2022;Municipios;0225;Boadilla del Monte;-0.71;
2022;Municipios;0231;Boalo (El);-0.79;
2022;Municipios;0246;Braojos;-0.46;
2022;Municipios;0259;Brea de Tajo;-1.85;
2022;Municipios;0262;Brunete;-1.26;
2022;Municipios;0278;Buitrago del Lozoya;-2.44;
2022;Municipios;0284;Bustarviejo;-0.90;
2022;Municipios;0297;Cabanillas de la Sierra;-1.39;
2022;Municipios;0301;Cabrera (La);-1.74;
2022;Municipios;0318;Cadalso de los Vidrios;-1.13;
2022;Municipios;0323;Camarma de Esteruelas;-1.41;
2022;Municipios;0339;Campo Real;-0.77;
2022;Municipios;0344;Canencia;-1.88;
2022;Municipios;0357;Carabaña;-0.69;
2022;Municipios;0360;Casarrubuelos;-1.05;
2022;Municipios;0376;Cenicientos;-0.89;
2022;Municipios;0382;Cercedilla;-0.80;
2022;Municipios;0395;Cervera de Buitrago;-1.09;
2022;Municipios;0513;Chapinería;-2.25;
2022;Municipios;0528;Chinchón;-1.19;
2022;Municipios;0409;Ciempozuelos;-1.89;
2022;Municipios;0416;Cobeña;-0.93;
2022;Municipios;0468;Collado Mediano;-1.47;
2022;Municipios;0474;Collado Villalba;-1.64;
2022;Municipios;0437;Colmenar de Oreja;-1.52;
2022;Municipios;0421;Colmenar del Arroyo;0.13;
2022;Municipios;0455;Colmenar Viejo;-1.33;
2022;Municipios;0442;Colmenarejo;-1.32;
2022;Municipios;0480;Corpa;-1.16;
2022;Municipios;0493;Coslada;-1.48;
2022;Municipios;0506;Cubas de la Sagra;-1.27;
2022;Municipios;0534;Daganzo de Arriba;-1.02;
2022;Municipios;0549;Escorial (El);-1.07;
2022;Municipios;0552;Estremera;-1.58;
2022;Municipios;0565;Fresnedillas de la Oliva;-1.09;
2022;Municipios;0571;Fresno de Torote;-0.36;
2022;Municipios;0587;Fuenlabrada;-1.80;
2022;Municipios;0590;Fuente el Saz de Jarama;-1.37;
2022;Municipios;0604;Fuentidueña de Tajo;-0.67;
2022;Municipios;0611;Galapagar;-1.49;
2022;Municipios;0626;Garganta de los Montes;-1.26;
2022;Municipios;0632;Gargantilla del Lozoya y Pinilla de Buitrago;0.50;
2022;Municipios;0647;Gascones;0.37;
2022;Municipios;0650;Getafe;-1.64;
2022;Municipios;0663;Griñón;-0.74;
2022;Municipios;0679;Guadalix de la Sierra;-1.37;
2022;Municipios;0685;Guadarrama;-0.88;
2022;Municipios;0698;Hiruela (La);-0.11;
2022;Municipios;0702;Horcajo de la Sierra-Aoslos;-1.40;
2022;Municipios;0719;Horcajuelo de la Sierra;-4.82;
2022;Municipios;0724;Hoyo de Manzanares;-1.18;
2022;Municipios;0730;Humanes de Madrid;-1.71;
2022;Municipios;0745;Leganés;-1.48;
2022;Municipios;0758;Loeches;-0.99;
2022;Municipios;0761;Lozoya;-0.58;
2022;Municipios;9015;Lozoyuela-Navas-Sieteiglesias;-3.59;
2022;Municipios;0783;Madarcos;1.59;
2022;Municipios;0796;Madrid;-1.63;
2022;Municipios;0800;Majadahonda;-1.01;
2022;Municipios;0822;Manzanares el Real;-1.34;
2022;Municipios;0838;Meco;-1.57;
2022;Municipios;0843;Mejorada del Campo;-1.81;
2022;Municipios;0856;Miraflores de la Sierra;-1.14;
2022;Municipios;0869;Molar (El);-1.44;
2022;Municipios;0875;Molinos (Los);-1.44;
2022;Municipios;0881;Montejo de la Sierra;-0.06;
2022;Municipios;0894;Moraleja de Enmedio;-1.56;
2022;Municipios;0908;Moralzarzal;-1.33;
2022;Municipios;0915;Morata de Tajuña;-1.63;
2022;Municipios;0920;Móstoles;-1.57;
2022;Municipios;0936;Navacerrada;-1.49;
2022;Municipios;0941;Navalafuente;-2.42;
2022;Municipios;0954;Navalagamella;-0.75;
2022;Municipios;0967;Navalcarnero;-1.19;
2022;Municipios;0973;Navarredonda y San Mamés;0.80;
2022;Municipios;0992;Navas del Rey;-1.82;
2022;Municipios;1006;Nuevo Baztán;-2.21;
2022;Municipios;1013;Olmeda de las Fuentes;-0.73;
2022;Municipios;1028;Orusco de Tajuña;-1.83;
2022;Municipios;1049;Paracuellos de Jarama;-0.84;
2022;Municipios;1065;Parla;-1.77;
2022;Municipios;1071;Patones;-1.79;
2022;Municipios;1087;Pedrezuela;-1.28;
2022;Municipios;1090;Pelayos de la Presa;-2.53;
2022;Municipios;1104;Perales de Tajuña;-1.25;
2022;Municipios;1111;Pezuela de las Torres;-2.17;
2022;Municipios;1126;Pinilla del Valle;-0.57;
2022;Municipios;1132;Pinto;-1.66;
2022;Municipios;1147;Piñuécar-Gandullas;-4.30;
2022;Municipios;1150;Pozuelo de Alarcón;-0.63;
2022;Municipios;1163;Pozuelo del Rey;-2.46;
2022;Municipios;1179;Prádena del Rincón;0.71;
2022;Municipios;1185;Puebla de la Sierra;-1.62;
2022;Municipios;9020;Puentes Viejas;-1.40;
2022;Municipios;1198;Quijorna;-1.19;
2022;Municipios;1202;Rascafría;-0.17;
2022;Municipios;1219;Redueña;-5.84;
2022;Municipios;1224;Ribatejada;-0.99;
2022;Municipios;1230;Rivas-Vaciamadrid;-1.18;
2022;Municipios;1245;Robledillo de la Jara;2.17;
2022;Municipios;1258;Robledo de Chavela;-0.79;
2022;Municipios;1261;Robregordo;1.47;
2022;Municipios;1277;Rozas de Madrid (Las);-0.78;
2022;Municipios;1283;Rozas de Puerto Real;-2.44;
2022;Municipios;1296;San Agustín del Guadalix;-1.11;
2022;Municipios;1300;San Fernando de Henares;-1.53;
2022;Municipios;1317;San Lorenzo de El Escorial;-1.35;
2022;Municipios;1322;San Martín de la Vega;-1.96;
2022;Municipios;1338;San Martín de Valdeiglesias;-1.87;
2022;Municipios;1343;San Sebastián de los Reyes;-1.26;
2022;Municipios;1356;Santa María de la Alameda;-2.03;
2022;Municipios;1369;Santorcaz;0.12;
2022;Municipios;1375;Santos de la Humosa (Los);-0.89;
2022;Municipios;1381;Serna del Monte (La);-1.85;
2022;Municipios;1408;Serranillos del Valle;-1.25;
2022;Municipios;1415;Sevilla la Nueva;-1.92;
2022;Municipios;1436;Somosierra;6.90;
2022;Municipios;1441;Soto del Real;-1.02;
2022;Municipios;1454;Talamanca de Jarama;-1.14;
2022;Municipios;1467;Tielmes;-1.48;
2022;Municipios;1473;Titulcia;-1.33;
2022;Municipios;1489;Torrejón de Ardoz;-1.66;
2022;Municipios;1492;Torrejón de la Calzada;-1.09;
2022;Municipios;1505;Torrejón de Velasco;-1.00;
2022;Municipios;1512;Torrelaguna;-0.94;
2022;Municipios;1527;Torrelodones;-0.81;
2022;Municipios;1533;Torremocha de Jarama;-0.63;
2022;Municipios;1548;Torres de la Alameda;-1.81;
2022;Municipios;9036;Tres Cantos;-0.71;
2022;Municipios;1551;Valdaracete;-0.72;
2022;Municipios;1564;Valdeavero;-0.72;
2022;Municipios;1570;Valdelaguna;0.17;
2022;Municipios;1586;Valdemanco;-0.50;
2022;Municipios;1599;Valdemaqueda;-2.12;
2022;Municipios;1603;Valdemorillo;-1.36;
2022;Municipios;1610;Valdemoro;-1.63;
2022;Municipios;1625;Valdeolmos-Alalpardo;-0.73;
2022;Municipios;1631;Valdepiélagos;-1.21;
2022;Municipios;1646;Valdetorres de Jarama;-1.51;
2022;Municipios;1659;Valdilecha;-1.36;
2022;Municipios;1662;Valverde de Alcalá;-0.32;
2022;Municipios;1678;Velilla de San Antonio;-1.72;
2022;Municipios;1684;Vellón (El);-1.60;
2022;Municipios;1697;Venturada;-0.89;
2022;Municipios;1718;Villa del Prado;-1.13;
2022;Municipios;1701;Villaconejos;-0.99;
2022;Municipios;1723;Villalbilla;-1.58;
2022;Municipios;1739;Villamanrique de Tajo;-0.74;
2022;Municipios;1744;Villamanta;-1.66;
2022;Municipios;1757;Villamantilla;-1.21;
2022;Municipios;1760;Villanueva de la Cañada;-0.80;
2022;Municipios;1782;Villanueva de Perales;-0.78;
2022;Municipios;1776;Villanueva del Pardillo;-1.05;
2022;Municipios;1795;Villar del Olmo;-0.56;
2022;Municipios;1809;Villarejo de Salvanés;-0.96;
2022;Municipios;1816;Villaviciosa de Odón;-0.98;
2022;Municipios;1821;Villavieja del Lozoya;0.55;
2022;Municipios;1837;Zarzalejo;-0.34;
2022;Zonas Estadísticas;03;Este Metropolitano;-1.53;
2022;Zonas Estadísticas;01;Municipio de Madrid;-1.63;
2022;Zonas Estadísticas;07;Nordeste Comunidad;-1.27;
2022;Zonas Estadísticas;02;Norte Metropolitano;-1.22;
2022;Zonas Estadísticas;05;Oeste Metropolitano;-0.97;
2022;Zonas Estadísticas;11;Sierra Central;-1.16;
2022;Zonas Estadísticas;06;Sierra Norte;-1.30;
2022;Zonas Estadísticas;10;Sierra Sur;-1.44;
2022;Zonas Estadísticas;08;Sudeste Comunidad;-1.35;
2022;Zonas Estadísticas;09;Sudoeste Comunidad;-1.25;
2022;Zonas Estadísticas;04;Sur Metropolitano;-1.62;
2023;Comunidad de Madrid;;Comunidad de Madrid;-0.43;
2023;Municipios;0014;Acebeda (La);2.50;
2023;Municipios;0029;Ajalvir;-0.15;
2023;Municipios;0035;Alameda del Valle;2.37;
2023;Municipios;0040;Álamo (El);-0.70;
2023;Municipios;0053;Alcalá de Henares;-0.60;
2023;Municipios;0066;Alcobendas;-0.43;
2023;Municipios;0072;Alcorcón;-0.46;
2023;Municipios;0088;Aldea del Fresno;-0.37;
2023;Municipios;0091;Algete;-0.53;
2023;Municipios;0105;Alpedrete;-0.12;
2023;Municipios;0112;Ambite;0.93;
2023;Municipios;0127;Anchuelo;-0.89;
2023;Municipios;0133;Aranjuez;-0.65;
2023;Municipios;0148;Arganda del Rey;-0.79;
2023;Municipios;0151;Arroyomolinos;-0.41;
2023;Municipios;0164;Atazar (El);0.35;
2023;Municipios;0170;Batres;-0.88;
2023;Municipios;0186;Becerril de la Sierra;0.47;
2023;Municipios;0199;Belmonte de Tajo;-0.69;
2023;Municipios;0210;Berrueco (El);0.37;
2023;Municipios;0203;Berzosa del Lozoya;0.58;
2023;Municipios;0225;Boadilla del Monte;-0.18;
2023;Municipios;0231;Boalo (El);-0.63;
2023;Municipios;0246;Braojos;-0.84;
2023;Municipios;0259;Brea de Tajo;-1.51;
2023;Municipios;0262;Brunete;-0.32;
2023;Municipios;0278;Buitrago del Lozoya;0.37;
2023;Municipios;0284;Bustarviejo;-0.22;
2023;Municipios;0297;Cabanillas de la Sierra;-0.63;
2023;Municipios;0301;Cabrera (La);-0.09;
2023;Municipios;0318;Cadalso de los Vidrios;-1.64;
2023;Municipios;0323;Camarma de Esteruelas;-0.55;
2023;Municipios;0339;Campo Real;-1.25;
2023;Municipios;0344;Canencia;-0.27;
2023;Municipios;0357;Carabaña;-0.72;
2023;Municipios;0360;Casarrubuelos;-0.98;
2023;Municipios;0376;Cenicientos;-1.18;
2023;Municipios;0382;Cercedilla;-0.34;
2023;Municipios;0395;Cervera de Buitrago;1.42;
2023;Municipios;0513;Chapinería;-0.13;
2023;Municipios;0528;Chinchón;-0.20;
2023;Municipios;0409;Ciempozuelos;-0.63;
2023;Municipios;0416;Cobeña;-0.08;
2023;Municipios;0468;Collado Mediano;-0.57;
2023;Municipios;0474;Collado Villalba;-0.50;
2023;Municipios;0437;Colmenar de Oreja;-0.61;
2023;Municipios;0421;Colmenar del Arroyo;-0.50;
2023;Municipios;0455;Colmenar Viejo;-0.46;
2023;Municipios;0442;Colmenarejo;-0.42;
2023;Municipios;0480;Corpa;-1.94;
2023;Municipios;0493;Coslada;-0.46;
2023;Municipios;0506;Cubas de la Sagra;0.08;
2023;Municipios;0534;Daganzo de Arriba;-0.28;
2023;Municipios;0549;Escorial (El);0.01;
2023;Municipios;0552;Estremera;0.09;
2023;Municipios;0565;Fresnedillas de la Oliva;-0.47;
2023;Municipios;0571;Fresno de Torote;-1.39;
2023;Municipios;0587;Fuenlabrada;-0.46;
2023;Municipios;0590;Fuente el Saz de Jarama;-0.60;
2023;Municipios;0604;Fuentidueña de Tajo;-1.66;
2023;Municipios;0611;Galapagar;-0.25;
2023;Municipios;0626;Garganta de los Montes;0.17;
2023;Municipios;0632;Gargantilla del Lozoya y Pinilla de Buitrago;-1.81;
2023;Municipios;0647;Gascones;-1.77;
2023;Municipios;0650;Getafe;-0.42;
2023;Municipios;0663;Griñón;-0.32;
2023;Municipios;0679;Guadalix de la Sierra;-0.47;
2023;Municipios;0685;Guadarrama;-0.34;
2023;Municipios;0698;Hiruela (La);0.04;
2023;Municipios;0702;Horcajo de la Sierra-Aoslos;-1.06;
2023;Municipios;0719;Horcajuelo de la Sierra;0.05;
2023;Municipios;0724;Hoyo de Manzanares;-0.24;
2023;Municipios;0730;Humanes de Madrid;-0.52;
2023;Municipios;0745;Leganés;-0.61;
2023;Municipios;0758;Loeches;-0.54;
2023;Municipios;0761;Lozoya;0.50;
2023;Municipios;9015;Lozoyuela-Navas-Sieteiglesias;0.61;
2023;Municipios;0783;Madarcos;-0.20;
2023;Municipios;0796;Madrid;-0.38;
2023;Municipios;0800;Majadahonda;-0.26;
2023;Municipios;0822;Manzanares el Real;-0.08;
2023;Municipios;0838;Meco;-0.43;
2023;Municipios;0843;Mejorada del Campo;-0.65;
2023;Municipios;0856;Miraflores de la Sierra;-0.55;
2023;Municipios;0869;Molar (El);-0.24;
2023;Municipios;0875;Molinos (Los);-0.53;
2023;Municipios;0881;Montejo de la Sierra;-0.07;
2023;Municipios;0894;Moraleja de Enmedio;-0.44;
2023;Municipios;0908;Moralzarzal;-0.38;
2023;Municipios;0915;Morata de Tajuña;-0.91;
2023;Municipios;0920;Móstoles;-0.59;
2023;Municipios;0936;Navacerrada;-0.02;
2023;Municipios;0941;Navalafuente;0.12;
2023;Municipios;0954;Navalagamella;-0.19;
2023;Municipios;0967;Navalcarnero;-1.00;
2023;Municipios;0973;Navarredonda y San Mamés;-0.35;
2023;Municipios;0992;Navas del Rey;-1.00;
2023;Municipios;1006;Nuevo Baztán;0.04;
2023;Municipios;1013;Olmeda de las Fuentes;1.78;
2023;Municipios;1028;Orusco de Tajuña;-0.90;
2023;Municipios;1049;Paracuellos de Jarama;-0.26;
2023;Municipios;1065;Parla;-0.74;
2023;Municipios;1071;Patones;0.73;
2023;Municipios;1087;Pedrezuela;-0.38;
2023;Municipios;1090;Pelayos de la Presa;-1.96;
2023;Municipios;1104;Perales de Tajuña;-1.18;
2023;Municipios;1111;Pezuela de las Torres;1.55;
2023;Municipios;1126;Pinilla del Valle;-0.65;
2023;Municipios;1132;Pinto;-0.53;
2023;Municipios;1147;Piñuécar-Gandullas;-2.10;
2023;Municipios;1150;Pozuelo de Alarcón;-0.19;
2023;Municipios;1163;Pozuelo del Rey;0.28;
2023;Municipios;1179;Prádena del Rincón;1.28;
2023;Municipios;1185;Puebla de la Sierra;2.67;
2023;Municipios;9020;Puentes Viejas;-0.62;
2023;Municipios;1198;Quijorna;-0.71;
2023;Municipios;1202;Rascafría;-0.92;
2023;Municipios;1219;Redueña;0.24;
2023;Municipios;1224;Ribatejada;-1.42;
2023;Municipios;1230;Rivas-Vaciamadrid;-0.19;
2023;Municipios;1245;Robledillo de la Jara;2.14;
2023;Municipios;1258;Robledo de Chavela;-0.87;
2023;Municipios;1261;Robregordo;0.78;
2023;Municipios;1277;Rozas de Madrid (Las);-0.34;
2023;Municipios;1283;Rozas de Puerto Real;1.38;
2023;Municipios;1296;San Agustín del Guadalix;-0.33;
2023;Municipios;1300;San Fernando de Henares;-0.54;
2023;Municipios;1317;San Lorenzo de El Escorial;-0.75;
2023;Municipios;1322;San Martín de la Vega;-0.49;
2023;Municipios;1338;San Martín de Valdeiglesias;-0.45;
2023;Municipios;1343;San Sebastián de los Reyes;-0.38;
2023;Municipios;1356;Santa María de la Alameda;0.45;
2023;Municipios;1369;Santorcaz;0.31;
2023;Municipios;1375;Santos de la Humosa (Los);-0.76;
2023;Municipios;1381;Serna del Monte (La);0.12;
2023;Municipios;1408;Serranillos del Valle;-0.54;
2023;Municipios;1415;Sevilla la Nueva;-0.55;
2023;Municipios;1436;Somosierra;-3.31;
2023;Municipios;1441;Soto del Real;-0.33;
2023;Municipios;1454;Talamanca de Jarama;-0.22;
2023;Municipios;1467;Tielmes;-0.33;
2023;Municipios;1473;Titulcia;-0.89;
2023;Municipios;1489;Torrejón de Ardoz;-0.75;
2023;Municipios;1492;Torrejón de la Calzada;-0.34;
2023;Municipios;1505;Torrejón de Velasco;-0.57;
2023;Municipios;1512;Torrelaguna;-0.15;
2023;Municipios;1527;Torrelodones;-0.41;
2023;Municipios;1533;Torremocha de Jarama;-0.17;
2023;Municipios;1548;Torres de la Alameda;-0.48;
2023;Municipios;9036;Tres Cantos;-0.49;
2023;Municipios;1551;Valdaracete;-1.04;
2023;Municipios;1564;Valdeavero;-1.42;
2023;Municipios;1570;Valdelaguna;-1.15;
2023;Municipios;1586;Valdemanco;-0.71;
2023;Municipios;1599;Valdemaqueda;-1.57;
2023;Municipios;1603;Valdemorillo;-0.11;
2023;Municipios;1610;Valdemoro;-0.58;
2023;Municipios;1625;Valdeolmos-Alalpardo;-0.92;
2023;Municipios;1631;Valdepiélagos;-0.01;
2023;Municipios;1646;Valdetorres de Jarama;-0.04;
2023;Municipios;1659;Valdilecha;-1.50;
2023;Municipios;1662;Valverde de Alcalá;-0.21;
2023;Municipios;1678;Velilla de San Antonio;-0.33;
2023;Municipios;1684;Vellón (El);-0.79;
2023;Municipios;1697;Venturada;0.19;
2023;Municipios;1718;Villa del Prado;-0.28;
2023;Municipios;1701;Villaconejos;-1.38;
2023;Municipios;1723;Villalbilla;-0.27;
2023;Municipios;1739;Villamanrique de Tajo;1.33;
2023;Municipios;1744;Villamanta;0.56;
2023;Municipios;1757;Villamantilla;-0.92;
2023;Municipios;1760;Villanueva de la Cañada;-0.31;
2023;Municipios;1782;Villanueva de Perales;-0.84;
2023;Municipios;1776;Villanueva del Pardillo;-0.34;
2023;Municipios;1795;Villar del Olmo;-1.12;
2023;Municipios;1809;Villarejo de Salvanés;-0.56;
2023;Municipios;1816;Villaviciosa de Odón;-0.25;
2023;Municipios;1821;Villavieja del Lozoya;-0.89;
2023;Municipios;1837;Zarzalejo;-0.65;
2023;Zonas Estadísticas;03;Este Metropolitano;-0.55;
2023;Zonas Estadísticas;01;Municipio de Madrid;-0.38;
2023;Zonas Estadísticas;07;Nordeste Comunidad;-0.47;
2023;Zonas Estadísticas;02;Norte Metropolitano;-0.42;
2023;Zonas Estadísticas;05;Oeste Metropolitano;-0.29;
2023;Zonas Estadísticas;11;Sierra Central;-0.31;
2023;Zonas Estadísticas;06;Sierra Norte;-0.22;
2023;Zonas Estadísticas;10;Sierra Sur;-0.74;
2023;Zonas Estadísticas;08;Sudeste Comunidad;-0.61;
2023;Zonas Estadísticas;09;Sudoeste Comunidad;-0.55;
2023;Zonas Estadísticas;04;Sur Metropolitano;-0.55;
2024;Comunidad de Madrid;;Comunidad de Madrid;0.21;
2024;Municipios;0014;Acebeda (La);-6.01;
2024;Municipios;0029;Ajalvir;0.47;
2024;Municipios;0035;Alameda del Valle;-3.80;
2024;Municipios;0040;Álamo (El);0.08;
2024;Municipios;0053;Alcalá de Henares;0.29;
2024;Municipios;0066;Alcobendas;0.12;
2024;Municipios;0072;Alcorcón;0.23;
2024;Municipios;0088;Aldea del Fresno;0.61;
2024;Municipios;0091;Algete;0.09;
2024;Municipios;0105;Alpedrete;0.30;
2024;Municipios;0112;Ambite;-1.73;
2024;Municipios;0127;Anchuelo;0.89;
2024;Municipios;0133;Aranjuez;0.55;
2024;Municipios;0148;Arganda del Rey;0.25;
2024;Municipios;0151;Arroyomolinos;0.14;
2024;Municipios;0164;Atazar (El);-6.89;
2024;Municipios;0170;Batres;0.72;
2024;Municipios;0186;Becerril de la Sierra;0.15;
2024;Municipios;0199;Belmonte de Tajo;0.39;
2024;Municipios;0210;Berrueco (El);1.15;
2024;Municipios;0203;Berzosa del Lozoya;0.20;
2024;Municipios;0225;Boadilla del Monte;0.12;
2024;Municipios;0231;Boalo (El);0.70;
2024;Municipios;0246;Braojos;-1.00;
2024;Municipios;0259;Brea de Tajo;-1.52;
2024;Municipios;0262;Brunete;0.23;
2024;Municipios;0278;Buitrago del Lozoya;0.14;
2024;Municipios;0284;Bustarviejo;0.38;
2024;Municipios;0297;Cabanillas de la Sierra;0.31;
2024;Municipios;0301;Cabrera (La);0.63;
2024;Municipios;0318;Cadalso de los Vidrios;0.13;
2024;Municipios;0323;Camarma de Esteruelas;0.24;
2024;Municipios;0339;Campo Real;0.04;
2024;Municipios;0344;Canencia;0.12;
2024;Municipios;0357;Carabaña;0.08;
2024;Municipios;0360;Casarrubuelos;0.31;
2024;Municipios;0376;Cenicientos;0.09;
2024;Municipios;0382;Cercedilla;0.52;
2024;Municipios;0395;Cervera de Buitrago;-1.09;
2024;Municipios;0513;Chapinería;0.08;
2024;Municipios;0528;Chinchón;0.30;
2024;Municipios;0409;Ciempozuelos;0.41;
2024;Municipios;0416;Cobeña;0.10;
2024;Municipios;0468;Collado Mediano;0.06;
2024;Municipios;0474;Collado Villalba;0.16;
2024;Municipios;0437;Colmenar de Oreja;0.19;
2024;Municipios;0421;Colmenar del Arroyo;0.36;
2024;Municipios;0455;Colmenar Viejo;0.22;
2024;Municipios;0442;Colmenarejo;0.21;
2024;Municipios;0480;Corpa;1.05;
2024;Municipios;0493;Coslada;0.38;
2024;Municipios;0506;Cubas de la Sagra;0.43;
2024;Municipios;0534;Daganzo de Arriba;0.44;
2024;Municipios;0549;Escorial (El);0.13;
2024;Municipios;0552;Estremera;0.81;
2024;Municipios;0565;Fresnedillas de la Oliva;0.28;
2024;Municipios;0571;Fresno de Torote;0.15;
2024;Municipios;0587;Fuenlabrada;0.46;
2024;Municipios;0590;Fuente el Saz de Jarama;0.08;
2024;Municipios;0604;Fuentidueña de Tajo;0.09;
2024;Municipios;0611;Galapagar;0.13;
2024;Municipios;0626;Garganta de los Montes;0.91;
2024;Municipios;0632;Gargantilla del Lozoya y Pinilla de Buitrago;0.38;
2024;Municipios;0647;Gascones;1.49;
2024;Municipios;0650;Getafe;0.27;
2024;Municipios;0663;Griñón;0.19;
2024;Municipios;0679;Guadalix de la Sierra;0.18;
2024;Municipios;0685;Guadarrama;0.09;
2024;Municipios;0698;Hiruela (La);-1.50;
2024;Municipios;0702;Horcajo de la Sierra-Aoslos;0.87;
2024;Municipios;0719;Horcajuelo de la Sierra;0.08;
2024;Municipios;0724;Hoyo de Manzanares;0.16;
2024;Municipios;0730;Humanes de Madrid;0.01;
2024;Municipios;0745;Leganés;0.31;
2024;Municipios;0758;Loeches;0.34;
2024;Municipios;0761;Lozoya;-1.10;
2024;Municipios;9015;Lozoyuela-Navas-Sieteiglesias;0.81;
2024;Municipios;0783;Madarcos;0.04;
2024;Municipios;0796;Madrid;0.20;
2024;Municipios;0800;Majadahonda;0.02;
2024;Municipios;0822;Manzanares el Real;0.68;
2024;Municipios;0838;Meco;0.52;
2024;Municipios;0843;Mejorada del Campo;0.14;
2024;Municipios;0856;Miraflores de la Sierra;0.03;
2024;Municipios;0869;Molar (El);0.15;
2024;Municipios;0875;Molinos (Los);0.14;
2024;Municipios;0881;Montejo de la Sierra;0.75;
2024;Municipios;0894;Moraleja de Enmedio;0.35;
2024;Municipios;0908;Moralzarzal;0.24;
2024;Municipios;0915;Morata de Tajuña;0.42;
2024;Municipios;0920;Móstoles;0.20;
2024;Municipios;0936;Navacerrada;0.50;
2024;Municipios;0941;Navalafuente;0.14;
2024;Municipios;0954;Navalagamella;0.18;
2024;Municipios;0967;Navalcarnero;0.21;
2024;Municipios;0973;Navarredonda y San Mamés;0.69;
2024;Municipios;0992;Navas del Rey;0.51;
2024;Municipios;1006;Nuevo Baztán;0.24;
2024;Municipios;1013;Olmeda de las Fuentes;-1.05;
2024;Municipios;1028;Orusco de Tajuña;0.23;
2024;Municipios;1049;Paracuellos de Jarama;0.00;
2024;Municipios;1065;Parla;0.28;
2024;Municipios;1071;Patones;0.11;
2024;Municipios;1087;Pedrezuela;0.51;
2024;Municipios;1090;Pelayos de la Presa;0.45;
2024;Municipios;1104;Perales de Tajuña;0.45;
2024;Municipios;1111;Pezuela de las Torres;0.98;
2024;Municipios;1126;Pinilla del Valle;0.90;
2024;Municipios;1132;Pinto;0.31;
2024;Municipios;1147;Piñuécar-Gandullas;1.54;
2024;Municipios;1150;Pozuelo de Alarcón;0.02;
2024;Municipios;1163;Pozuelo del Rey;0.57;
2024;Municipios;1179;Prádena del Rincón;-2.56;
2024;Municipios;1185;Puebla de la Sierra;-1.82;
2024;Municipios;9020;Puentes Viejas;0.44;
2024;Municipios;1198;Quijorna;0.45;
2024;Municipios;1202;Rascafría;0.04;
2024;Municipios;1219;Redueña;-2.52;
2024;Municipios;1224;Ribatejada;0.15;
2024;Municipios;1230;Rivas-Vaciamadrid;0.21;
2024;Municipios;1245;Robledillo de la Jara;0.54;
2024;Municipios;1258;Robledo de Chavela;0.11;
2024;Municipios;1261;Robregordo;1.79;
2024;Municipios;1277;Rozas de Madrid (Las);0.00;
2024;Municipios;1283;Rozas de Puerto Real;1.36;
2024;Municipios;1296;San Agustín del Guadalix;0.05;
2024;Municipios;1300;San Fernando de Henares;0.40;
2024;Municipios;1317;San Lorenzo de El Escorial;0.15;
2024;Municipios;1322;San Martín de la Vega;0.55;
2024;Municipios;1338;San Martín de Valdeiglesias;0.22;
2024;Municipios;1343;San Sebastián de los Reyes;0.18;
2024;Municipios;1356;Santa María de la Alameda;0.59;
2024;Municipios;1369;Santorcaz;0.28;
2024;Municipios;1375;Santos de la Humosa (Los);0.13;
2024;Municipios;1381;Serna del Monte (La);0.89;
2024;Municipios;1408;Serranillos del Valle;0.59;
2024;Municipios;1415;Sevilla la Nueva;0.24;
2024;Municipios;1436;Somosierra;-1.67;
2024;Municipios;1441;Soto del Real;0.18;
2024;Municipios;1454;Talamanca de Jarama;0.26;
2024;Municipios;1467;Tielmes;0.14;
2024;Municipios;1473;Titulcia;0.49;
2024;Municipios;1489;Torrejón de Ardoz;0.43;
2024;Municipios;1492;Torrejón de la Calzada;0.03;
2024;Municipios;1505;Torrejón de Velasco;0.03;
2024;Municipios;1512;Torrelaguna;0.10;
2024;Municipios;1527;Torrelodones;0.02;
2024;Municipios;1533;Torremocha de Jarama;0.05;
2024;Municipios;1548;Torres de la Alameda;0.24;
2024;Municipios;9036;Tres Cantos;0.06;
2024;Municipios;1551;Valdaracete;0.93;
2024;Municipios;1564;Valdeavero;0.27;
2024;Municipios;1570;Valdelaguna;0.29;
2024;Municipios;1586;Valdemanco;0.52;
2024;Municipios;1599;Valdemaqueda;1.33;
2024;Municipios;1603;Valdemorillo;0.03;
2024;Municipios;1610;Valdemoro;0.37;
2024;Municipios;1625;Valdeolmos-Alalpardo;0.06;
2024;Municipios;1631;Valdepiélagos;0.19;
2024;Municipios;1646;Valdetorres de Jarama;0.16;
2024;Municipios;1659;Valdilecha;0.23;
2024;Municipios;1662;Valverde de Alcalá;0.03;
2024;Municipios;1678;Velilla de San Antonio;0.59;
2024;Municipios;1684;Vellón (El);0.73;
2024;Municipios;1697;Venturada;0.75;
2024;Municipios;1718;Villa del Prado;0.97;
2024;Municipios;1701;Villaconejos;0.01;
2024;Municipios;1723;Villalbilla;0.28;
2024;Municipios;1739;Villamanrique de Tajo;-2.22;
2024;Municipios;1744;Villamanta;0.21;
2024;Municipios;1757;Villamantilla;0.58;
2024;Municipios;1760;Villanueva de la Cañada;0.08;
2024;Municipios;1782;Villanueva de Perales;0.11;
2024;Municipios;1776;Villanueva del Pardillo;0.20;
2024;Municipios;1795;Villar del Olmo;0.13;
2024;Municipios;1809;Villarejo de Salvanés;0.10;
2024;Municipios;1816;Villaviciosa de Odón;0.05;
2024;Municipios;1821;Villavieja del Lozoya;-2.32;
2024;Municipios;1837;Zarzalejo;0.51;
2024;Zonas Estadísticas;03;Este Metropolitano;0.31;
2024;Zonas Estadísticas;01;Municipio de Madrid;0.20;
2024;Zonas Estadísticas;07;Nordeste Comunidad;0.24;
2024;Zonas Estadísticas;02;Norte Metropolitano;0.11;
2024;Zonas Estadísticas;05;Oeste Metropolitano;0.06;
2024;Zonas Estadísticas;11;Sierra Central;0.07;
2024;Zonas Estadísticas;06;Sierra Norte;0.10;
2024;Zonas Estadísticas;10;Sierra Sur;0.08;
2024;Zonas Estadísticas;08;Sudeste Comunidad;0.22;
2024;Zonas Estadísticas;09;Sudoeste Comunidad;0.13;
2024;Zonas Estadísticas;04;Sur Metropolitano;0.31;
